"tweets","words","sentiment"
1,"Thank",NA
1,"You",NA
1,"for",NA
1,"everything",NA
1,"you",NA
1,"did",NA
1,"for",NA
1,"our",NA
1,"customers",NA
1,"community","positive"
1,"and",NA
1,"Team",NA
1,"during",NA
1,"ymmfire",NA
1,"",NA
1,"Rockstar",NA
1,"SVPMVP",NA
1,"therealamandae",NA
1,"https",NA
1,"twittercomtherealamanda",NA
1,"estatus803735956998103040",NA
1,"…",NA
2,"I",NA
2,"wrote",NA
2,"this",NA
2,"yesterday",NA
2,"while",NA
2,"reflecting",NA
2,"on",NA
2,"Elsie",NA
2,"Yanik’s",NA
2,"Lesson",NA
2,"of",NA
2,"Kindness",NA
2,"I",NA
2,"hope","anticipation"
2,"hope","joy"
2,"hope","positive"
2,"hope","surprise"
2,"hope","trust"
2,"hope",NA
2,"you",NA
2,"enjoy","anticipation"
2,"enjoy","joy"
2,"enjoy","positive"
2,"enjoy","trust"
2,"enjoy","positive"
2,"enjoy",NA
2,"enjoy","positive"
2,"ymm",NA
2,"ymmfire",NA
2,"httpwww",NA
2,"willowspringssscom1post201611",NA
2,"elsieyanikslessonofkindnesshtml",NA
2,"…",NA
3,"GatlinburgTN",NA
3,"Sending",NA
3,"thoughts",NA
3,"and",NA
3,"strength","positive"
3,"strength","trust"
3,"strength",NA
3,"strength","positive"
3,"from",NA
3,"ymm",NA
3,"",NA
3,"we",NA
3,"share","anticipation"
3,"share","joy"
3,"share","positive"
3,"share","trust"
3,"share",NA
3,"your",NA
3,"pain","fear"
3,"pain","negative"
3,"pain","sadness"
3,"pain","negative"
3,"pain",NA
3,"as",NA
3,"we",NA
3,"experienced","positive"
3,"experienced","trust"
3,"ymmfire",NA
3,"in",NA
3,"May16",NA
3,"Stay",NA
3,"safe","joy"
3,"safe","positive"
3,"safe","trust"
3,"safe","positive"
3,"safe",NA
3,"stay",NA
3,"strong","positive"
3,"strong",NA
3,"strong","positive"
4,"",NA
4,"Gatlinburg",NA
4,"looks",NA
4,"A",NA
4,"LOT",NA
4,"like","positive"
4,"like",NA
4,"Fort",NA
4,"McMurray",NA
4,"Alberta",NA
4,"after",NA
4,"FortMacFire",NA
4,"ymmfire",NA
4,"",NA
4,"Town",NA
4,"shd",NA
4,"look",NA
4,"to",NA
4,"abndpcaucus",NA
4,"for",NA
4,"tips",NA
4,"moving",NA
4,"forward","positive"
5,"As",NA
5,"a",NA
5,"survivor","positive"
5,"survivor",NA
5,"and",NA
5,"witness","trust"
5,"witness","litigious"
5,"of",NA
5,"the",NA
5,"ymmfire",NA
5,"",NA
5,"my",NA
5,"heart",NA
5,"is",NA
5,"breaking","negative"
5,"breaking","negative"
5,"for",NA
5,"the",NA
5,"people",NA
5,"of",NA
5,"Gatlinburg",NA
5,"and",NA
5,"surrounding",NA
5,"area",NA
5,"Stay",NA
5,"safe","joy"
5,"safe","positive"
5,"safe","trust"
5,"safe","positive"
5,"safe",NA
5,"stay",NA
5,"strong","positive"
5,"strong",NA
5,"strong","positive"
6,"Gatlinburg",NA
6,"wildfires",NA
6,"bringing",NA
6,"back",NA
6,"ymmfire",NA
6,"memories",NA
6,"Stay",NA
6,"safe","joy"
6,"safe","positive"
6,"safe","trust"
6,"safe","positive"
6,"safe",NA
6,"TN",NA
6,"prayforrain",NA
6,"https",NA
6,"twittercomMatthewKickst",NA
6,"atus803672828054618112",NA
6,"…",NA
7,"Congrats",NA
7,"MattHalwachsTD",NA
7,"",NA
7,"therealamandae",NA
7,"on",NA
7,"your",NA
7,"SVP",NA
7,"Pick",NA
7,"Well",NA
7,"deserved","positive"
7,"Leadership",NA
7,"AlbertaStrong",NA
7,"YMMFire",NA
7,"ToddLinnenTD",NA
7,"pictwittercomgf61UOQZQd",NA
8,"Our",NA
8,"latest",NA
8,"blog",NA
8,"post",NA
8,"shares",NA
8,"our",NA
8,"key",NA
8,"takeaways",NA
8,"from",NA
8,"this",NA
8,"year’s",NA
8,"ymmfire",NA
8,"",NA
8,"Read",NA
8,"it",NA
8,"here",NA
8,"http",NA
8,"bitly2fIzh6Z",NA
8,"restoration",NA
8,"disastermgmt",NA
9,"Our",NA
9,"employees",NA
9,"pulled",NA
9,"together",NA
9,"in",NA
9,"a",NA
9,"time","anticipation"
9,"of",NA
9,"great","positive"
9,"great",NA
9,"great","positive"
9,"need",NA
9,"in",NA
9,"response",NA
9,"to",NA
9,"the",NA
9,"ymmfire",NA
9,"in",NA
9,"May",NA
9,"Hear",NA
9,"their",NA
9,"stories",NA
9,"http",NA
9,"sunrgytMwY306Dkfw",NA
10,"Oh",NA
10,"man",NA
10,"the",NA
10,"images",NA
10,"from",NA
10,"gatlinburg",NA
10,"are",NA
10,"too",NA
10,"strongly","positive"
10,"reminiscent",NA
10,"of",NA
10,"ymmfire",NA
10,"",NA
11,"Shout",NA
11,"out",NA
11,"to",NA
11,"the",NA
11,"folks",NA
11,"in",NA
11,"the",NA
11,"Gatlinburg",NA
11,"TN",NA
11,"area",NA
11,"We",NA
11,"Fort",NA
11,"McMurray",NA
11,"AB",NA
11,"folks",NA
11,"know",NA
11,"what",NA
11,"youre",NA
11,"going",NA
11,"through",NA
11,"right","positive"
11,"now",NA
11,"wildfire","fear"
11,"wildfire","negative"
11,"wildfire","sadness"
11,"wildfire","surprise"
11,"ymmfire",NA
12,"Looks",NA
12,"just",NA
12,"like","positive"
12,"like",NA
12,"the",NA
12,"ymmfire",NA
12,"",NA
12,"Terrible",NA
12,"to",NA
12,"see",NA
12,"https",NA
12,"twittercommadisonwadeWBI",NA
12,"Rstatus803556799081250816",NA
12,"…",NA
13,"Wow",NA
13,"Awful",NA
13,"Sadly",NA
13,"Ive",NA
13,"seen",NA
13,"a",NA
13,"similar",NA
13,"fire","fear"
13,"fire",NA
13,"before",NA
13,"Twice",NA
13,"ymmfire",NA
13,"ymm",NA
13,"yeg",NA
13,"slavelake",NA
13,"https",NA
13,"twittercombreakingnowthi",NA
13,"sstatus803456114776014848",NA
13,"…",NA
14,"Pictures",NA
14,"Im",NA
14,"seeing",NA
14,"out",NA
14,"of",NA
14,"Gatlinburg",NA
14,"remind",NA
14,"me",NA
14,"all",NA
14,"too",NA
14,"much",NA
14,"of",NA
14,"ymmfire",NA
14,"",NA
14,"fire","fear"
14,"fire",NA
14,"is",NA
14,"so",NA
14,"dangerous","fear"
14,"dangerous","negative"
14,"dangerous","negative"
14,"dangerous","negative"
14,"Hoping",NA
14,"for",NA
14,"the",NA
14,"best","positive"
14,"best",NA
14,"best","positive"
14,"for",NA
14,"people",NA
14,"there",NA
14,"yeg",NA
15,"I",NA
15,"hope","anticipation"
15,"hope","joy"
15,"hope","positive"
15,"hope","surprise"
15,"hope","trust"
15,"hope",NA
15,"phxheliflight",NA
15,"Local",NA
15,"Hero",NA
15,"Fndn",NA
15,"get",NA
15,"full","positive"
15,"op",NA
15,"budget","trust"
15,"fr",NA
15,"RMWoodBuffalo",NA
15,"",NA
15,"They",NA
15,"rescued",NA
15,"me",NA
15,"from",NA
15,"ymmfire",NA
15,"",NA
15,"are",NA
15,"an",NA
15,"essential","positive"
15,"ymm",NA
15,"service",NA
15,"pictwittercom31lxSC3uUT",NA
16,"These",NA
16,"Gatlinburg",NA
16,"fire","fear"
16,"fire",NA
16,"images",NA
16,"are",NA
16,"like","positive"
16,"like",NA
16,"flashbacks",NA
16,"to",NA
16,"the",NA
16,"ymmfire",NA
16,"if",NA
16,"YMM",NA
16,"can",NA
16,"give",NA
16,"you",NA
16,"advice","trust"
16,"help",NA
16,"they",NA
16,"will",NA
16,"Helping",NA
16,"keeps",NA
16,"ymmstrong",NA
17,"I",NA
17,"got",NA
17,"to",NA
17,"meet",NA
17,"some",NA
17,"cool","positive"
17,"cool","positive"
17,"cool",NA
17,"people",NA
17,"in",NA
17,"Fort",NA
17,"McMurray",NA
17,"who",NA
17,"refuse","negative"
17,"refuse","negative"
17,"refuse",NA
17,"refuse","negative"
17,"to",NA
17,"be",NA
17,"defeated","negative"
17,"defeated","sadness"
17,"defeated","positive"
17,"defeated",NA
17,"defeated","negative"
17,"by",NA
17,"the",NA
17,"wildfire","fear"
17,"wildfire","negative"
17,"wildfire","sadness"
17,"wildfire","surprise"
17,"httpwww",NA
17,"tsncavideotsnorig",NA
17,"inalwelcomehome1004190",NA
17,"…",NA
17,"YMM",NA
17,"ymmfire",NA
18,"WestJet",NA
18,"unbelievable","negative"
18,"unbelievable","negative"
18,"unbelievable",NA
18,"free","positive"
18,"free",NA
18,"round",NA
18,"trip","surprise"
18,"anywhere",NA
18,"WestJet",NA
18,"flies",NA
18,"ymmfire",NA
18,"",NA
18,"Year",NA
18,"of",NA
18,"gratitude","joy"
18,"gratitude","positive"
18,"gratitude","positive"
18,"pictwittercomqkQB0o29a1",NA
19,"Awesome",NA
19,"feature","positive"
19,"by",NA
19,"CFLonTSN",NA
19,"on",NA
19,"the",NA
19,"FortMacMonarchs",NA
19,"and",NA
19,"the",NA
19,"ymmfire",NA
19,"",NA
19,"GreyCup",NA
19,"ymm",NA
20,"CFLonTSN",NA
20,"the",NA
20,"piece",NA
20,"on",NA
20,"ymmfire",NA
20,"and",NA
20,"the",NA
20,"Monarchs",NA
20,"was",NA
20,"excellent","joy"
20,"excellent","positive"
20,"excellent","trust"
20,"excellent","positive"
20,"excellent",NA
20,"excellent","positive"
20,"A",NA
20,"great","positive"
20,"great",NA
20,"great","positive"
20,"community","positive"
20,"story",NA
20,"of",NA
20,"strength","positive"
20,"strength","trust"
20,"strength",NA
20,"strength","positive"
20,"and",NA
20,"perseverance","positive"
20,"GreyCup",NA
21,"We",NA
21,"have",NA
21,"an",NA
21,"amazing","positive"
21,"amazing",NA
21,"team","trust"
21,"that",NA
21,"can",NA
21,"make",NA
21,"your",NA
21,"dream",NA
21,"dream","positive"
21,"home",NA
21,"a",NA
21,"reality",NA
21,"Contact",NA
21,"us",NA
21,"today",NA
21,"ymmfire",NA
21,"albertastrong",NA
21,"yeg",NA
21,"pictwittercomsaxvfqqgYh",NA
22,"Thanks",NA
22,"WestJet",NA
22,"for",NA
22,"a",NA
22,"wonderful","joy"
22,"wonderful","positive"
22,"wonderful","surprise"
22,"wonderful","trust"
22,"wonderful","positive"
22,"wonderful",NA
22,"evening",NA
22,"fantastic","positive"
22,"fantastic",NA
22,"fantastic","positive"
22,"job","positive"
22,"extremely",NA
22,"thankful","joy"
22,"thankful","positive"
22,"thankful","positive"
22,"thankful",NA
22,"WestJet",NA
22,"YMM",NA
22,"YMMStrong",NA
22,"YMMFire",NA
22,"MerryChristmas",NA
22,"SoThankful",NA
22,"pictwittercom13lVAwV2Vf",NA
23,"Huge",NA
23,"shoutout",NA
23,"WestJet",NA
23,"for",NA
23,"giving","positive"
23,"ymm",NA
23,"residents",NA
23,"who",NA
23,"lost","negative"
23,"lost","sadness"
23,"lost","negative"
23,"lost",NA
23,"lost","negative"
23,"in",NA
23,"ymmfire",NA
23,"something",NA
23,"to",NA
23,"smile","joy"
23,"smile","positive"
23,"smile","surprise"
23,"smile","trust"
23,"smile","positive"
23,"smile",NA
23,"about",NA
23,"You",NA
23,"rock","positive"
23,"WestJet",NA
24,"Happy",NA
24,"Saturday",NA
24,"BlakeShelton",NA
24,"",NA
24,"can",NA
24,"u",NA
24,"put",NA
24,"the",NA
24,"w",NA
24,"in",NA
24,"wedding",NA
24,"for",NA
24,"my",NA
24,"pals",NA
24,"at",NA
24,"crashmyplaya",NA
24,"with",NA
24,"your",NA
24,"words","anger"
24,"words","negative"
24,"ymmfire",NA
24,"put",NA
24,"a",NA
24,"dent","negative"
24,"in",NA
24,"their",NA
24,"plans",NA
25,"Wildfire",NA
25,"whisky","negative"
25,"Canadian",NA
25,"blaze","anger"
25,"blaze","negative"
25,"leaves",NA
25,"brewer",NA
25,"with",NA
25,"a",NA
25,"surprising","surprise"
25,"new",NA
25,"drink",NA
25,"httpswww",NA
25,"theguardiancomworld2016nov",NA
25,"25canadianwildfirewhiskywoodbuffalobrewingalbertafortmcmurrayCMPShareAndroidAppTweet",NA
25,"…",NA
25,"yql",NA
25,"yyc",NA
25,"yeg",NA
25,"yvr",NA
25,"Toronto",NA
25,"ymm",NA
25,"ymmfire",NA
26,"While",NA
26,"at",NA
26,"tsaedmonton",NA
26,"HopeInTheCityYEG",NA
26,"luncheon",NA
26,"I",NA
26,"learned",NA
26,"that",NA
26,"TheSalvationArmy",NA
26,"was",NA
26,"integral","positive"
26,"to",NA
26,"ymmfire",NA
26,"supports","positive"
26,"supports",NA
26,"UnsungHeroes",NA
27,"Thank",NA
27,"you",NA
27,"to",NA
27,"St",NA
27,"Albert",NA
27,"Community",NA
27,"Band",NA
27,"for",NA
27,"your",NA
27,"generosity","anticipation"
27,"generosity","joy"
27,"generosity","positive"
27,"generosity","surprise"
27,"generosity","trust"
27,"generosity","positive"
27,"to",NA
27,"fortmacband",NA
27,"to",NA
27,"help",NA
27,"with",NA
27,"recovery","positive"
27,"recovery","positive"
27,"from",NA
27,"the",NA
27,"wildfire","fear"
27,"wildfire","negative"
27,"wildfire","sadness"
27,"wildfire","surprise"
27,"SECPAYMM",NA
27,"ymmfire",NA
27,"pictwittercomu3NWIpLB6L",NA
28,"It",NA
28,"looks",NA
28,"like","positive"
28,"like",NA
28,"the",NA
28,"ymmfire",NA
28,"https",NA
28,"twittercomofirgendelman",NA
28,"status801766631315800064",NA
28,"…",NA
29,"The",NA
29,"CRC",NA
29,"",NA
29,"RMWB",NA
29,"are",NA
29,"providing","anticipation"
29,"providing","joy"
29,"providing","positive"
29,"providing","trust"
29,"financial",NA
29,"assistance","positive"
29,"to",NA
29,"small","negative"
29,"businesses",NA
29,"affected",NA
29,"by",NA
29,"Alberta",NA
29,"Wildfires",NA
29,"http",NA
29,"owlyNnJg306f4wz",NA
29,"ymmfire",NA
29,"yeg",NA
30,"Great",NA
30,"work","positive"
30,"on",NA
30,"pets",NA
30,"after",NA
30,"ymmfire",NA
30,"by",NA
30,"WGSTMRUWilliams",NA
30,"covered",NA
30,"by",NA
30,"metrocalgary",NA
30,"",NA
30,"mountroyal4u",NA
30,"MRUSustainable",NA
30,"httpwww",NA
30,"metronewscanewscalgary2",NA
30,"0161125fortmacpetrescuecentreofmountroyaluniversitystudyhtml",NA
30,"…",NA
31,"MRU",NA
31,"researcher",NA
31,"wants",NA
31,"to",NA
31,"figure",NA
31,"out",NA
31,"how",NA
31,"pets",NA
31,"can",NA
31,"be",NA
31,"included","positive"
31,"in",NA
31,"disaster","anger"
31,"disaster","disgust"
31,"disaster","fear"
31,"disaster","negative"
31,"disaster","sadness"
31,"disaster","surprise"
31,"disaster","negative"
31,"disaster",NA
31,"disaster","negative"
31,"evac",NA
31,"plans",NA
31,"http",NA
31,"owlytkXL306x3NL",NA
31,"yyc",NA
31,"ymmfire",NA
31,"pictwittercomtGAiWEGcyV",NA
32,"MRU",NA
32,"researcher",NA
32,"wants",NA
32,"to",NA
32,"figure",NA
32,"out",NA
32,"how",NA
32,"pets",NA
32,"can",NA
32,"be",NA
32,"included","positive"
32,"in",NA
32,"disaster","anger"
32,"disaster","disgust"
32,"disaster","fear"
32,"disaster","negative"
32,"disaster","sadness"
32,"disaster","surprise"
32,"disaster","negative"
32,"disaster",NA
32,"disaster","negative"
32,"evac",NA
32,"plans",NA
32,"http",NA
32,"owlytkXL306x3NL",NA
32,"yyc",NA
32,"ymmfire",NA
32,"pictwittercomcj4NTrqs41",NA
33,"Some",NA
33,"amazing","positive"
33,"amazing",NA
33,"stories",NA
33,"from",NA
33,"ymmfire",NA
33,"chief",NA
33,"about",NA
33,"what",NA
33,"it",NA
33,"was",NA
33,"like","positive"
33,"like",NA
33,"the",NA
33,"day",NA
33,"of",NA
33,"the",NA
33,"big",NA
33,"fire","fear"
33,"fire",NA
33,"hopeinthecityyeg",NA
33,"tsaedmonton",NA
33,"ctvedmonton",NA
33,"pictwittercomCIsWeKTplU",NA
34,"The",NA
34,"Fort",NA
34,"McMurray",NA
34,"wildfire","fear"
34,"wildfire","negative"
34,"wildfire","sadness"
34,"wildfire","surprise"
34,"caused",NA
34,"a",NA
34,"loss","anger"
34,"loss","fear"
34,"loss","negative"
34,"loss","sadness"
34,"loss","negative"
34,"loss",NA
34,"loss","negative"
34,"of",NA
34,"85",NA
34,"million",NA
34,"work","positive"
34,"hours",NA
34,"in",NA
34,"the",NA
34,"region",NA
34,"in",NA
34,"May",NA
34,"",NA
34,"June",NA
34,"http",NA
34,"bitly2goCyZY",NA
34,"ymm",NA
34,"ymmfire",NA
35,"The",NA
35,"Fort",NA
35,"McMurray",NA
35,"wildfire","fear"
35,"wildfire","negative"
35,"wildfire","sadness"
35,"wildfire","surprise"
35,"caused",NA
35,"a",NA
35,"loss","anger"
35,"loss","fear"
35,"loss","negative"
35,"loss","sadness"
35,"loss","negative"
35,"loss",NA
35,"loss","negative"
35,"of",NA
35,"85",NA
35,"million",NA
35,"work","positive"
35,"hours",NA
35,"in",NA
35,"the",NA
35,"region",NA
35,"in",NA
35,"May",NA
35,"",NA
35,"June",NA
35,"ymm",NA
35,"ymmfire",NA
35,"http",NA
35,"glbncaqLQTxi",NA
36,"The",NA
36,"Fort",NA
36,"McMurray",NA
36,"wildfire","fear"
36,"wildfire","negative"
36,"wildfire","sadness"
36,"wildfire","surprise"
36,"caused",NA
36,"a",NA
36,"loss","anger"
36,"loss","fear"
36,"loss","negative"
36,"loss","sadness"
36,"loss","negative"
36,"loss",NA
36,"loss","negative"
36,"of",NA
36,"85",NA
36,"million",NA
36,"work","positive"
36,"hours",NA
36,"in",NA
36,"the",NA
36,"region",NA
36,"in",NA
36,"May",NA
36,"",NA
36,"June",NA
36,"ymm",NA
36,"ymmfire",NA
36,"http",NA
36,"glbncap1hn3t",NA
37,"The",NA
37,"Fort",NA
37,"McMurray",NA
37,"wildfire","fear"
37,"wildfire","negative"
37,"wildfire","sadness"
37,"wildfire","surprise"
37,"caused",NA
37,"a",NA
37,"loss","anger"
37,"loss","fear"
37,"loss","negative"
37,"loss","sadness"
37,"loss","negative"
37,"loss",NA
37,"loss","negative"
37,"of",NA
37,"85",NA
37,"million",NA
37,"work","positive"
37,"hours",NA
37,"in",NA
37,"the",NA
37,"region",NA
37,"in",NA
37,"May",NA
37,"",NA
37,"June",NA
37,"ymm",NA
37,"ymmfire",NA
37,"http",NA
37,"glbncaujhNFN",NA
38,"Impacts",NA
38,"of",NA
38,"YMMFIRE",NA
38,"expand",NA
38,"well","positive"
38,"beyond",NA
38,"fire","fear"
38,"fire",NA
38,"and",NA
38,"smoke","negative"
38,"damage","anger"
38,"damage","disgust"
38,"damage","negative"
38,"damage","sadness"
38,"damage","negative"
38,"damage",NA
38,"damage","negative"
38,"to",NA
38,"property",NA
38,"https",NA
38,"twittercomCBCAlertsstat",NA
38,"us802150579027984384",NA
38,"…",NA
39,"Wildfire",NA
39,"Recovery",NA
39,"info",NA
39,"at",NA
39,"the",NA
39,"ymmchamber",NA
39,"luncheon",NA
39,"today",NA
39,"ymmfire",NA
39,"ymmstrong",NA
39,"community","positive"
39,"resilient","positive"
39,"resilient","positive"
40,"City",NA
40,"of",NA
40,"yeg",NA
40,"spent","negative"
40,"114",NA
40,"million",NA
40,"on",NA
40,"ymmfire",NA
40,"relief","positive"
40,"relief","positive"
40,"Still",NA
40,"hoping",NA
40,"to",NA
40,"get",NA
40,"it",NA
40,"back",NA
40,"from",NA
40,"province",NA
40,"yegcc",NA
41,"P",NA
41,"Cloutier",NA
41,"of",NA
41,"CanVOSTactual",NA
41,"on",NA
41,"Digital",NA
41,"volunteers","trust"
41,"and",NA
41,"Emergency",NA
41,"Management",NA
41,"in",NA
41,"ymm",NA
41,"ymmfire",NA
41,"crhnet16",NA
41,"pictwittercomz63etoDH3T",NA
42,"BlakeShelton",NA
42,"Hey",NA
42,"wanna",NA
42,"marry","anticipation"
42,"marry","fear"
42,"marry","joy"
42,"marry","positive"
42,"marry","surprise"
42,"marry","trust"
42,"my",NA
42,"pals",NA
42,"at",NA
42,"crashmyplaya",NA
42,"",NA
42,"The",NA
42,"ymmfire",NA
42,"got",NA
42,"in",NA
42,"the",NA
42,"way",NA
42,"of",NA
42,"their",NA
42,"plans",NA
42,"in",NA
42,"May",NA
42,"Yes",NA
43,"Look",NA
43,"at",NA
43,"these",NA
43,"treasures",NA
43,"Bring",NA
43,"your",NA
43,"blanky",NA
43,"day",NA
43,"beautyinthebeast",NA
43,"ymmfire",NA
43,"quiltsforymm",NA
43,"pictwittercom2LqF7L5WHk",NA
44,"Our",NA
44,"Senior",NA
44,"Project",NA
44,"Manager",NA
44,"Jim",NA
44,"Mandeville",NA
44,"shared",NA
44,"key",NA
44,"lessons",NA
44,"learned",NA
44,"from",NA
44,"ymmfire",NA
44,"",NA
44,"Read",NA
44,"his",NA
44,"blog",NA
44,"post",NA
44,"on",NA
44,"LinkedIn",NA
44,"http",NA
44,"bitly2fSpP4G",NA
45,"Hey",NA
45,"friends",NA
45,"",NA
45,"chance","surprise"
45,"chance",NA
45,"to",NA
45,"share","anticipation"
45,"share","joy"
45,"share","positive"
45,"share","trust"
45,"share",NA
45,"stories",NA
45,"of",NA
45,"pet","negative"
45,"rescues",NA
45,"ymmfire",NA
45,"FMSPCA",NA
45,"http",NA
45,"fortmacpetsweeblycom",NA
45,"",NA
46,"crochet",NA
46,"crochetaddict",NA
46,"blanket","trust"
46,"loveineverystitch",NA
46,"fire","fear"
46,"fire",NA
46,"ymmfire",NA
46,"fortmac",NA
46,"alberta",NA
46,"canada",NA
46,"…",NA
46,"httpswww",NA
46,"instagramcompBNKSF8mgNTD",NA
47,"Great",NA
47,"news",NA
47,"feature","positive"
47,"from",NA
47,"ctvedmonton",NA
47,"on",NA
47,"our",NA
47,"ymmfire",NA
47,"study","positive"
47,"For",NA
47,"more",NA
47,"information","positive"
47,"please",NA
47,"visit","positive"
47,"httpwww",NA
47,"mommybabyfmmca",NA
47,"",NA
47,"https",NA
47,"twittercomctvedmontonst",NA
47,"atus799443263438528512",NA
47,"…",NA
48,"Shane",NA
48,"Schreiber",NA
48,"speaking",NA
48,"to",NA
48,"the",NA
48,"Beast",NA
48,"in",NA
48,"ymmfire",NA
48,"aemasummit",NA
48,"pictwittercomYL37NsXMPH",NA
49,"Evacuating",NA
49,"Family",NA
49,"Pets",NA
49,"from",NA
49,"the",NA
49,"ymmfire",NA
49,"",NA
49,"Talk",NA
49,"this",NA
49,"Friday",NA
49,"by",NA
49,"WGSTMRUWilliams",NA
49,"1230",NA
49,"in",NA
49,"T141",NA
49,"Food",NA
49,"provided",NA
49,"ymm",NA
49,"MRUSustainable",NA
50,"That",NA
50,"would",NA
50,"be",NA
50,"an",NA
50,"AMAZING",NA
50,"CHRISTMAS",NA
50,"MIRACLE",NA
50,"TimHortons",NA
50,"for",NA
50,"sirk25",NA
50,"",NA
50,"warmwishes",NA
50,"ymmfire",NA
50,"ymm",NA
51,"Calgary",NA
51,"woman",NA
51,"claiming","negative"
51,"to",NA
51,"have",NA
51,"cancer","anger"
51,"cancer","disgust"
51,"cancer","fear"
51,"cancer","negative"
51,"cancer","sadness"
51,"cancer","negative"
51,"cancer",NA
51,"be",NA
51,"wildfire","fear"
51,"wildfire","negative"
51,"wildfire","sadness"
51,"wildfire","surprise"
51,"evacuee",NA
51,"found","joy"
51,"found","positive"
51,"found","trust"
51,"guilty","anger"
51,"guilty","negative"
51,"guilty","sadness"
51,"guilty","negative"
51,"guilty",NA
51,"guilty","negative"
51,"of",NA
51,"fraud","anger"
51,"fraud","negative"
51,"fraud","negative"
51,"fraud",NA
51,"fraud","negative"
51,"httpwww",NA
51,"660newscom20161122wom",NA
51,"anclaimedcancerfortmcmurrayfireevacueeguiltyfraud",NA
51,"…",NA
51,"ymm",NA
51,"ymmfire",NA
51,"yyc",NA
51,"pictwittercom3g11Rwlsv6",NA
52,"Threeday",NA
52,"tradeshow",NA
52,"connecting",NA
52,"people",NA
52,"building","positive"
52,"or",NA
52,"renovating",NA
52,"their",NA
52,"home",NA
52,"or",NA
52,"property",NA
52,"with",NA
52,"the",NA
52,"local",NA
52,"build","positive"
52,"community","positive"
52,"ymmfire",NA
52,"yeg",NA
52,"ymm",NA
53,"Reserve",NA
53,"your",NA
53,"copy","negative"
53,"today",NA
53,"ymm",NA
53,"ymmfire",NA
53,"https",NA
53,"twittercomFMCampbellsMus",NA
53,"status801108096646942720",NA
53,"…",NA
54,"Paul",NA
54,"Kovacs",NA
54,"ICLRCanada",NA
54,"reviews",NA
54,"lessons",NA
54,"from",NA
54,"ymmfire",NA
54,"on",NA
54,"how",NA
54,"to",NA
54,"protect","positive"
54,"protect","positive"
54,"protect",NA
54,"homes",NA
54,"from",NA
54,"wildfire","fear"
54,"wildfire","negative"
54,"wildfire","sadness"
54,"wildfire","surprise"
54,"CDNdrr",NA
54,"pictwittercomgnchhhevc9",NA
55,"Good",NA
55,"morning",NA
55,"BlakeShelton",NA
55,"",NA
55,"looking",NA
55,"forward","positive"
55,"to",NA
55,"crashmyplaya",NA
55,"",NA
55,"Are",NA
55,"u",NA
55,"up",NA
55,"to",NA
55,"marrying",NA
55,"my",NA
55,"pals",NA
55,"Do",NA
55,"to",NA
55,"the",NA
55,"ymmfire",NA
55,"they",NA
55,"had",NA
55,"to",NA
55,"cancel","negative"
55,"cancel","sadness"
55,"cancel",NA
55,"cancel","negative"
56,"ICU",NA
56,"Charge",NA
56,"Nurse",NA
56,"shares",NA
56,"her",NA
56,"ymmfire",NA
56,"evacuation","negative"
56,"experience",NA
56,"https",NA
56,"youtubePYyqklTAmMY",NA
56,"rmwb",NA
56,"ymm",NA
57,"BlakeShelton",NA
57,"Hey",NA
57,"wanna",NA
57,"marry","anticipation"
57,"marry","fear"
57,"marry","joy"
57,"marry","positive"
57,"marry","surprise"
57,"marry","trust"
57,"my",NA
57,"pals",NA
57,"at",NA
57,"crashmyplaya",NA
57,"",NA
57,"The",NA
57,"ymmfire",NA
57,"got",NA
57,"in",NA
57,"the",NA
57,"way",NA
57,"of",NA
57,"their",NA
57,"plans",NA
57,"in",NA
57,"May",NA
57,"Yes",NA
58,"Insurance",NA
58,"companies",NA
58,"need",NA
58,"to",NA
58,"step",NA
58,"up",NA
58,"during",NA
58,"a",NA
58,"time","anticipation"
58,"of",NA
58,"devastation","anger"
58,"devastation","fear"
58,"devastation","negative"
58,"devastation","sadness"
58,"devastation","surprise"
58,"devastation","negative"
58,"devastation","negative"
58,"ymmfire",NA
58,"albertastrong",NA
58,"fortmac",NA
58,"alberta",NA
58,"yeg",NA
58,"http",NA
58,"owlyxpo9306f2td",NA
59,"A",NA
59,"few",NA
59,"of",NA
59,"my",NA
59,"fave","positive"
59,"ppl",NA
59,"reflecting",NA
59,"on",NA
59,"comms",NA
59,"to",NA
59,"support","positive"
59,"support",NA
59,"FortMac",NA
59,"ymmfire",NA
59,"JordanRedshaw",NA
59,"RobinSmithEsq",NA
59,"dibegin",NA
59,"3",NA
59,"ruckusmakers",NA
59,"pictwittercom7rhVlpXCr1",NA
60,"ymmfire",NA
60,"made",NA
60,"the",NA
60,"top","anticipation"
60,"top","positive"
60,"top","trust"
60,"top","positive"
60,"top",NA
60,"50",NA
60,"worldwide",NA
60,"in",NA
60,"insurance",NA
60,"claims","negative"
60,"claims","litigious"
60,"aemasummit",NA
61,"RMWoodBuffalo",NA
61,"",NA
61,"Tina",NA
61,"Burians",NA
61,"presentation",NA
61,"on",NA
61,"recovery","positive"
61,"recovery","positive"
61,"and",NA
61,"social",NA
61,"wellness",NA
61,"since",NA
61,"ymmfire",NA
61,"well","positive"
61,"placed",NA
61,"and",NA
61,"informative","positive"
61,"at",NA
61,"CDNdrr",NA
62,"Six",NA
62,"months",NA
62,"after",NA
62,"ymmfire",NA
62,"",NA
62,"increases",NA
62,"in",NA
62,"need",NA
62,"for",NA
62,"counselling",NA
62,"intervention","negative"
62,"intervention","positive"
62,"intervention","sadness"
62,"for",NA
62,"selfharm",NA
62,"services",NA
62,"for",NA
62,"depression","negative"
62,"depression","sadness"
62,"depression","negative"
62,"",NA
62,"substance","positive"
62,"abuse","anger"
62,"abuse","disgust"
62,"abuse","fear"
62,"abuse","negative"
62,"abuse","sadness"
62,"abuse","negative"
62,"abuse",NA
62,"abuse","negative"
62,"CDNdrr",NA
63,"My",NA
63,"daughter","joy"
63,"daughter","positive"
63,"is",NA
63,"volunteering",NA
63,"at",NA
63,"aemasummit",NA
63,"on",NA
63,"emergency","fear"
63,"emergency","negative"
63,"emergency","sadness"
63,"emergency","surprise"
63,"emergency","negative"
63,"emergency",NA
63,"management","positive"
63,"management","trust"
63,"Lots",NA
63,"of",NA
63,"good","anticipation"
63,"good","joy"
63,"good","positive"
63,"good","surprise"
63,"good","trust"
63,"good","positive"
63,"good",NA
63,"good","positive"
63,"info",NA
63,"on",NA
63,"ymmfire",NA
63,"which",NA
63,"she",NA
63,"responded",NA
63,"to",NA
63,"proudmom",NA
63,"https",NA
63,"twittercommutualaidabst",NA
63,"atus800755449473576960",NA
63,"…",NA
64,"The",NA
64,"Fort",NA
64,"McMurray",NA
64,"wildfire","fear"
64,"wildfire","negative"
64,"wildfire","sadness"
64,"wildfire","surprise"
64,"glows",NA
64,"underneath",NA
64,"the",NA
64,"Northern",NA
64,"Lights",NA
64,"",NA
64,"May",NA
64,"7",NA
64,"2016",NA
64,"via",NA
64,"ReutersPhotos",NA
64,"YMM",NA
64,"ymmfire",NA
64,"pictwittercomGIzclQwCba",NA
65,"We",NA
65,"need",NA
65,"another",NA
65,"word","positive"
65,"word","trust"
65,"for",NA
65,"thank","positive"
65,"thank",NA
65,"you",NA
65,"Chief",NA
65,"Darby",NA
65,"Allen",NA
65,"from",NA
65,"RMWoodBuffalo",NA
65,"AEMAsummit",NA
65,"ymmfire",NA
65,"",NA
65,"You",NA
65,"need",NA
65,"all",NA
65,"the",NA
65,"help",NA
65,"you",NA
65,"can",NA
65,"getRMWoodBuffaloAEMAsummit",NA
65,"ymmfire800765398937260032",NA
66,"aemasummit",NA
66,"Safe",NA
66,"Resilient",NA
66,"Together",NA
66,"ymmfire",NA
66,"",NA
67,"Heroes",NA
67,"of",NA
67,"the",NA
67,"Fort",NA
67,"McMurray",NA
67,"wildfire","fear"
67,"wildfire","negative"
67,"wildfire","sadness"
67,"wildfire","surprise"
67,"share","anticipation"
67,"share","joy"
67,"share","positive"
67,"share","trust"
67,"share",NA
67,"their",NA
67,"stories",NA
67,"of",NA
67,"heroism","anticipation"
67,"heroism","joy"
67,"heroism","positive"
67,"heroism","surprise"
67,"heroism","trust"
67,"bravery","positive"
67,"bravery","positive"
67,"",NA
67,"compassion","fear"
67,"compassion","positive"
67,"compassion","positive"
67,"FortMacStrong",NA
67,"ymmfire",NA
67,"httpwww",NA
67,"jwnenergycomarticle20161",NA
67,"1videomeetsomeheroesfortmcmurraywildfire",NA
67,"…",NA
68,"RMWoodBuffalo",NA
68,"Bob",NA
68,"Couture",NA
68,"social",NA
68,"media",NA
68,"saves",NA
68,"the",NA
68,"day",NA
68,"ymmfire",NA
68,"24",NA
68,"ppl",NA
68,"in",NA
68,"communications",NA
68,"during",NA
68,"responserecovery",NA
68,"efforts",NA
68,"AEMASummit",NA
68,"pictwittercompY4NxHy0ub",NA
69,"Social",NA
69,"media",NA
69,"was",NA
69,"a",NA
69,"big",NA
69,"contributor","positive"
69,"contributor","trust"
69,"to",NA
69,"the",NA
69,"success","anticipation"
69,"success","joy"
69,"success","positive"
69,"success","positive"
69,"success",NA
69,"success","positive"
69,"of",NA
69,"ymmfire",NA
69,"AEMASummit",NA
69,"pictwittercomNbm6bRNeF2",NA
70,"AEMAsummit",NA
70,"The",NA
70,"psychosocial",NA
70,"impact",NA
70,"of",NA
70,"re",NA
70,"entry",NA
70,"is",NA
70,"powerful","anger"
70,"powerful","anticipation"
70,"powerful","disgust"
70,"powerful","fear"
70,"powerful","joy"
70,"powerful","positive"
70,"powerful","trust"
70,"powerful","positive"
70,"powerful",NA
70,"Bob",NA
70,"Couture",NA
70,"ymmfire",NA
71,"Prior",NA
71,"to",NA
71,"reentry",NA
71,"after",NA
71,"ymmfire",NA
71,"Fort",NA
71,"MASH",NA
71,"was",NA
71,"set",NA
71,"up",NA
71,"at",NA
71,"Keyano",NA
71,"College",NA
71,"by",NA
71,"AHSmedia",NA
71,"AEMASummit",NA
71,"",NA
72,"aemasummit",NA
72,"Almost",NA
72,"200000",NA
72,"actually",NA
72,"evacuated",NA
72,"from",NA
72,"ymmfire",NA
72,"",NA
72,"pictwittercom6EMprEMSj1",NA
73,"Situation",NA
73,"changed",NA
73,"rapidly",NA
73,"at",NA
73,"ymmfire",NA
73,"aemasummit",NA
73,"pictwittercomU7cywaix3h",NA
74,"AEMAsummit",NA
74,"Chief",NA
74,"Darby",NA
74,"speaking",NA
74,"about",NA
74,"Horse",NA
74,"River",NA
74,"Fire",NA
74,"ymmfire",NA
75,"Darby",NA
75,"Allen",NA
75,"and",NA
75,"Bob",NA
75,"Couture",NA
75,"speaking",NA
75,"about",NA
75,"ymmfire",NA
75,"at",NA
75,"AEMASummit",NA
76,"The",NA
76,"most",NA
76,"giving","positive"
76,"people",NA
76,"we",NA
76,"know",NA
76,"lost","negative"
76,"lost","sadness"
76,"lost","negative"
76,"lost",NA
76,"lost","negative"
76,"their",NA
76,"house",NA
76,"in",NA
76,"the",NA
76,"ymmfire",NA
76,"and",NA
76,"they",NA
76,"had",NA
76,"no",NA
76,"insurance",NA
76,"So",NA
76,"I",NA
76,"think",NA
76,"sirk25",NA
76,"needs",NA
76,"warmwishes",NA
76,"TimHortons",NA
77,"BlakeShelton",NA
77,"Help",NA
77,"these",NA
77,"two",NA
77,"souls",NA
77,"finally","anticipation"
77,"finally","disgust"
77,"finally","joy"
77,"finally","positive"
77,"finally","surprise"
77,"finally","trust"
77,"unite",NA
77,"in",NA
77,"marriage","anticipation"
77,"marriage","joy"
77,"marriage","positive"
77,"marriage","trust"
77,"They",NA
77,"were",NA
77,"to",NA
77,"WED",NA
77,"in",NA
77,"May",NA
77,"2016",NA
77,"but",NA
77,"due",NA
77,"to",NA
77,"the",NA
77,"ymmfire",NA
77,"it",NA
77,"didnt",NA
77,"happen","anticipation"
77,"Yes",NA
78,"Go",NA
78,"ycomputing",NA
78,"proud","anticipation"
78,"proud","joy"
78,"proud","positive"
78,"proud","trust"
78,"proud","positive"
78,"proud",NA
78,"of",NA
78,"your",NA
78,"involvement","anger"
78,"in",NA
78,"ymm",NA
78,"ymmfire",NA
78,"community","positive"
78,"your",NA
78,"Action",NA
78,"and",NA
78,"ambitions",NA
78,"will",NA
78,"make",NA
78,"Change",NA
78,"WWhighschool",NA
78,"FMPSD",NA
78,"https",NA
78,"twittercomycomputingsta",NA
78,"tus799781442263785472",NA
78,"…",NA
79,"The",NA
79,"OilsandsBanquet",NA
79,"honoured",NA
79,"the",NA
79,"heroes",NA
79,"who",NA
79,"saved",NA
79,"our",NA
79,"community","positive"
79,"and",NA
79,"guided",NA
79,"us",NA
79,"to",NA
79,"safety",NA
79,"httpwww",NA
79,"middleagebulgecom201611honour",NA
79,"ingheroeshtml",NA
79,"…",NA
79,"ymm",NA
79,"ymmfire",NA
79,"pictwittercomlwvfLciVvN",NA
80,"Hey",NA
80,"Blake",NA
80,"What",NA
80,"do",NA
80,"you",NA
80,"say",NA
80,"will",NA
80,"you",NA
80,"marry","anticipation"
80,"marry","fear"
80,"marry","joy"
80,"marry","positive"
80,"marry","surprise"
80,"marry","trust"
80,"my",NA
80,"friends",NA
80,"at",NA
80,"crashmyplaya",NA
80,"in",NA
80,"January",NA
80,"They",NA
80,"had",NA
80,"to",NA
80,"cancel","negative"
80,"cancel","sadness"
80,"cancel",NA
80,"cancel","negative"
80,"due",NA
80,"to",NA
80,"the",NA
80,"ymmfire",NA
81,"",NA
81,"bc",NA
81,"as",NA
81,"a",NA
81,"brewer",NA
81,"Labatt",NA
81,"is",NA
81,"interested","disgust"
81,"interested","positive"
81,"interested","sadness"
81,"interested",NA
81,"in",NA
81,"water",NA
81,"conservation","anticipation"
81,"conservation","positive"
81,"conservation","trust"
81,"97",NA
81,"of",NA
81,"beer","joy"
81,"beer","positive"
81,"They",NA
81,"also",NA
81,"donated",NA
81,"water",NA
81,"to",NA
81,"ymmfire",NA
81,"this",NA
81,"spring",NA
81,"WalrusTalks",NA
82,"Met",NA
82,"the",NA
82,"owner",NA
82,"of",NA
82,"this",NA
82,"house",NA
82,"in",NA
82,"Fort",NA
82,"Mac",NA
82,"Theyre",NA
82,"starting",NA
82,"over",NA
82,"ymmfire",NA
82,"https",NA
82,"youtubebD5FHqtFO1Y",NA
83,"University",NA
83,"of",NA
83,"Alberta",NA
83,"research",NA
83,"aims",NA
83,"to",NA
83,"help",NA
83,"pregnant",NA
83,"women",NA
83,"evacuated",NA
83,"from",NA
83,"Fort",NA
83,"McMurray",NA
83,"http",NA
83,"edmontonjournalcomnewslocalnew",NA
83,"suniversityofalbertaresearchaimstohelppregnantwomenevacuatedfromfortmcmurraylsa20b1b281",NA
83,"…",NA
83,"abhealth",NA
83,"ymm",NA
83,"ymmfire",NA
84,"Congrats",NA
84,"AARCSCanada",NA
84,"well","positive"
84,"deserved","positive"
84,"It",NA
84,"was",NA
84,"great","positive"
84,"great",NA
84,"great","positive"
84,"working","positive"
84,"with",NA
84,"you",NA
84,"",NA
84,"seeing",NA
84,"all",NA
84,"your",NA
84,"hard","negative"
84,"hard",NA
84,"work","positive"
84,"during",NA
84,"the",NA
84,"ymmfire",NA
84,"https",NA
84,"twittercomimperialoilst",NA
84,"atus799357513867010048",NA
84,"…",NA
85,"A",NA
85,"fantastic","positive"
85,"fantastic",NA
85,"fantastic","positive"
85,"study","positive"
85,"from",NA
85,"UofAResearch",NA
85,"that",NA
85,"I",NA
85,"am",NA
85,"proud","anticipation"
85,"proud","joy"
85,"proud","positive"
85,"proud","trust"
85,"proud","positive"
85,"proud",NA
85,"to",NA
85,"be",NA
85,"a",NA
85,"small","negative"
85,"part",NA
85,"of",NA
85,"UANurseResearch",NA
85,"ymmfire",NA
85,"WorldPrematurityDay",NA
85,"https",NA
85,"twittercomctvedmontonst",NA
85,"atus799443263438528512",NA
85,"…",NA
86,"Fort",NA
86,"McMurray",NA
86,"wildfire’s",NA
86,"impact",NA
86,"on",NA
86,"pregnant",NA
86,"women",NA
86,"studied",NA
86,"in",NA
86,"Alberta",NA
86,"http",NA
86,"bitly2gnXF3u",NA
86,"ymmfire",NA
86,"pictwittercomiF2AjNJhWM",NA
87,"A",NA
87,"study","positive"
87,"on",NA
87,"how",NA
87,"ymmfire",NA
87,"could","uncertainty"
87,"impact",NA
87,"pregnant",NA
87,"women",NA
87,"",NA
87,"its",NA
87,"world",NA
87,"prematurity",NA
87,"day",NA
87,"in",NA
87,"tonights",NA
87,"health",NA
87,"matters",NA
87,"yeg",NA
87,"http",NA
87,"snpytv2f9AcAs",NA
88,"Bank",NA
88,"of",NA
88,"Montreal",NA
88,"donates",NA
88,"2M",NA
88,"to",NA
88,"ymm",NA
88,"charities",NA
88,"and",NA
88,"groups",NA
88,"involved",NA
88,"in",NA
88,"ymmfire",NA
88,"rebuild",NA
88,"efforts",NA
88,"http",NA
88,"glbncasl3tli",NA
89,"Bank",NA
89,"of",NA
89,"Montreal",NA
89,"donates",NA
89,"2M",NA
89,"to",NA
89,"ymm",NA
89,"charities",NA
89,"and",NA
89,"groups",NA
89,"involved",NA
89,"in",NA
89,"ymmfire",NA
89,"rebuild",NA
89,"efforts",NA
89,"http",NA
89,"glbncahjBfYG",NA
90,"Bank",NA
90,"of",NA
90,"Montreal",NA
90,"donates",NA
90,"2M",NA
90,"to",NA
90,"ymm",NA
90,"charities",NA
90,"and",NA
90,"groups",NA
90,"involved",NA
90,"in",NA
90,"ymmfire",NA
90,"rebuild",NA
90,"efforts",NA
90,"http",NA
90,"glbncaQfBmDY",NA
91,"2M",NA
91,"BMO",NA
91,"ymmfire",NA
91,"donation","positive"
91,"to",NA
91,"be",NA
91,"split","negative"
91,"split","negative"
91,"between",NA
91,"WBFoodBank",NA
91,"",NA
91,"FMUnitedWay",NA
91,"HabitatFHWB",NA
91,"",NA
91,"other",NA
91,"rebuild",NA
91,"groups",NA
91,"yeg",NA
91,"http",NA
91,"glbncaHRqCIx",NA
92,"BMO",NA
92,"announces",NA
92,"allocation",NA
92,"of",NA
92,"2",NA
92,"million",NA
92,"donation","positive"
92,"httpwww",NA
92,"mymcmurraycom20161117bmo",NA
92,"announcesallocation2milliondonation",NA
92,"…",NA
92,"via",NA
92,"MyMcMurray",NA
92,"WOW",NA
92,"Thanks",NA
92,"BMO",NA
92,"ymmfire",NA
92,"ymm",NA
93,"BMO",NA
93,"donates",NA
93,"2million",NA
93,"for",NA
93,"Fort",NA
93,"Mac",NA
93,"recovery","positive"
93,"recovery","positive"
93,"httpwww",NA
93,"660newscom20161117bmo",NA
93,"donates2millionfortmacrecovery",NA
93,"…",NA
93,"ymm",NA
93,"ymmfire",NA
93,"pictwittercomUa5qv4HvHT",NA
94,"OilsandsBanquet",NA
94,"rahmandoreen",NA
94,"BMO",NA
94,"thanks",NA
94,"hon",NA
94,"Honoured",NA
94,"to",NA
94,"have",NA
94,"shared",NA
94,"your",NA
94,"ymmfire",NA
94,"story",NA
95,"I",NA
95,"am",NA
95,"so",NA
95,"honoured",NA
95,"to",NA
95,"have",NA
95,"been",NA
95,"one",NA
95,"of",NA
95,"a",NA
95,"few",NA
95,"dozen",NA
95,"people",NA
95,"featured",NA
95,"in",NA
95,"the",NA
95,"OilsandsBanquet",NA
95,"publication",NA
95,"this",NA
95,"year",NA
95,"ymmfire",NA
95,"ymmheroes",NA
95,"pictwittercomJKEsnw8yuE",NA
96,"As",NA
96,"world",NA
96,"criticized","negative"
96,"criticized",NA
96,"criticized","negative"
96,"you",NA
96,"",NA
96,"you",NA
96,"were",NA
96,"building","positive"
96,"But",NA
96,"ymmfire",NA
96,"alerted","negative"
96,"the",NA
96,"world",NA
96,"to",NA
96,"your",NA
96,"character",NA
96,"ymm",NA
96,"OSB2016",NA
96,"BMO",NA
96,"pictwittercom643mkXlorv",NA
97,"What",NA
97,"have",NA
97,"your",NA
97,"critics","negative"
97,"critics",NA
97,"ever",NA
97,"built",NA
97,"Where",NA
97,"were",NA
97,"they",NA
97,"when",NA
97,"ymmfire",NA
97,"happened",NA
97,"Rex",NA
97,"Murphy",NA
97,"on",NA
97,"his",NA
97,"ymm",NA
97,"passion","anticipation"
97,"passion","joy"
97,"passion","positive"
97,"passion","trust"
97,"passion","positive"
97,"ymm",NA
97,"pictwittercomYYWwg9x71Z",NA
98,"BMO",NA
98,"already",NA
98,"donated",NA
98,"19M",NA
98,"to",NA
98,"ymm",NA
98,"s",NA
98,"rebuilding",NA
98,"and",NA
98,"100000",NA
98,"immediately","anticipation"
98,"immediately","negative"
98,"immediately","positive"
98,"after",NA
98,"ymmfire",NA
98,"to",NA
98,"Red",NA
98,"Cross",NA
98,"ymm",NA
98,"osb2016",NA
98,"pictwittercomlm4t1O8Lzy",NA
99,"The",NA
99,"rebuild",NA
99,"starts",NA
99,"ymmfire",NA
99,"FortMcMurray",NA
99,"abasand",NA
99,"pictwittercomzWDt5GcE2b",NA
100,"Presenting",NA
100,"sponsor","positive"
100,"sponsor","trust"
100,"BMO",NA
100,"giving","positive"
100,"thanks",NA
100,"to",NA
100,"our",NA
100,"ymmfire",NA
100,"heroes",NA
100,"ymmheroes",NA
100,"ymm",NA
100,"pictwittercomjbA1mNIB3W",NA
100,"–",NA
100,"bei",NA
100,"MacDonald",NA
100,"Island",NA
100,"Park",NA
101,"Heart",NA
101,"warming",NA
101,"to",NA
101,"be",NA
101,"in",NA
101,"my",NA
101,"beloved","positive"
101,"beloved",NA
101,"McMurray",NA
101,"tonight",NA
101,"oilsands",NA
101,"banquet","anticipation"
101,"banquet","joy"
101,"banquet","positive"
101,"honouring",NA
101,"the",NA
101,"yMMFire",NA
101,"first",NA
101,"responders",NA
101,"So",NA
101,"many",NA
101,"emotions",NA
101,"in",NA
101,"the",NA
101,"room",NA
102,"Oil",NA
102,"Sands",NA
102,"Banquet",NA
102,"Honouring",NA
102,"the",NA
102,"Heroes",NA
102,"ymmfire",NA
102,"ymmstrong",NA
102,"ymm",NA
102,"pictwittercom7i0vWLeg0O",NA
103,"MP",NA
103,"DavidYurdiga",NA
103,"thanks",NA
103,"all",NA
103,"those",NA
103,"who",NA
103,"helped","positive"
103,"with",NA
103,"evacuation","negative"
103,"during",NA
103,"ymmfire",NA
103,"ymm",NA
103,"osb2016",NA
103,"pictwittercomhMHU3x75Zj",NA
104,"Over",NA
104,"a",NA
104,"million",NA
104,"Canadians",NA
104,"donated",NA
104,"to",NA
104,"the",NA
104,"ymmfire",NA
104,"cause",NA
104,"Thank",NA
104,"you",NA
104,"all",NA
104,"ymm",NA
104,"osb2016",NA
105,"Well",NA
105,"deserved","positive"
105,"ymmfire",NA
105,"https",NA
105,"twittercomsuncorenergys",NA
105,"tatus798988506286592000",NA
105,"…",NA
106,"Gala",NA
106,"event",NA
106,"of",NA
106,"the",NA
106,"yr",NA
106,"more",NA
106,"than",NA
106,"125tickets",NA
106,"soldGet",NA
106,"yours",NA
106,"today",NA
106,"PortageCollege",NA
106,"ScottMitchellFM",NA
106,"ymmfire",NA
106,"https",NA
106,"twittercomgwesley7statu",NA
106,"s799014044476665856",NA
106,"…",NA
107,"Congrats",NA
107,"to",NA
107,"Suncor’s",NA
107,"employees",NA
107,"contractors",NA
107,"suppliers",NA
107,"",NA
107,"stakeholders",NA
107,"who",NA
107,"won","positive"
107,"won",NA
107,"the",NA
107,"Presidents",NA
107,"Award",NA
107,"last",NA
107,"night",NA
107,"for",NA
107,"their",NA
107,"ymmfire",NA
107,"response",NA
107,"pictwittercomAV1ydRqs7L",NA
108,"It",NA
108,"was",NA
108,"a",NA
108,"privilege","positive"
108,"to",NA
108,"be",NA
108,"able","positive"
108,"to",NA
108,"assist","positive"
108,"assist","trust"
108,"ymmfire",NA
108,"ymmstrong",NA
108,"LansdowneCG",NA
108,"https",NA
108,"twittercomlansdownecgst",NA
108,"atus798873271517188097",NA
108,"…",NA
109,"FortMcMurray",NA
109,"ymmfire",NA
109,"wildfire","fear"
109,"wildfire","negative"
109,"wildfire","sadness"
109,"wildfire","surprise"
109,"recovery","positive"
109,"recovery","positive"
109,"to",NA
109,"spur","fear"
109,"53B",NA
109,"in",NA
109,"spending",NA
109,"report",NA
109,"http",NA
109,"heraldcaubCWCyMRGXBC",NA
109,"l0twitter",NA
109,"…",NA
109,"via",NA
109,"chronicleherald",NA
109,"ibickis",NA
109,"WBEcDev",NA
110,"Paul",NA
110,"Spring",NA
110,"of",NA
110,"phxheliflight",NA
110,"speaking",NA
110,"w",NA
110,"MarkConnollyCBC",NA
110,"about",NA
110,"saving",NA
110,"groups",NA
110,"of",NA
110,"ppl",NA
110,"in",NA
110,"draper",NA
110,"who",NA
110,"were",NA
110,"cut",NA
110,"cut","negative"
110,"off",NA
110,"during",NA
110,"ymmfire",NA
110,"hero","anticipation"
110,"hero","joy"
110,"hero","positive"
110,"hero","surprise"
110,"hero","trust"
110,"hero","positive"
110,"hero",NA
110,"ymm",NA
111,"blakeshelton",NA
111,"Morning",NA
111,"Blake",NA
111,"What",NA
111,"do",NA
111,"you",NA
111,"say",NA
111,"will",NA
111,"you",NA
111,"marry","anticipation"
111,"marry","fear"
111,"marry","joy"
111,"marry","positive"
111,"marry","surprise"
111,"marry","trust"
111,"my",NA
111,"friends",NA
111,"at",NA
111,"crashmyplaya",NA
111,"in",NA
111,"January",NA
111,"They",NA
111,"had",NA
111,"to",NA
111,"cancel","negative"
111,"cancel","sadness"
111,"cancel",NA
111,"cancel","negative"
111,"due",NA
111,"to",NA
111,"the",NA
111,"ymmfire",NA
112,"Just",NA
112,"goes",NA
112,"to",NA
112,"show","trust"
112,"what",NA
112,"an",NA
112,"amazing","positive"
112,"amazing",NA
112,"industry",NA
112,"we",NA
112,"work","positive"
112,"within",NA
112,"",NA
112,"see",NA
112,"how",NA
112,"these",NA
112,"companies",NA
112,"stepped",NA
112,"up",NA
112,"community","positive"
112,"ymmfire",NA
112,"oilandgas",NA
112,"https",NA
112,"twittercomsuncorenergys",NA
112,"tatus798897212445048832",NA
112,"…",NA
113,"I",NA
113,"think",NA
113,"sirk25",NA
113,"deserves",NA
113,"warmwishes",NA
113,"because",NA
113,"they",NA
113,"are",NA
113,"one",NA
113,"of",NA
113,"the",NA
113,"most",NA
113,"giving","positive"
113,"people",NA
113,"we",NA
113,"know",NA
113,"and",NA
113,"they",NA
113,"lost","negative"
113,"lost","sadness"
113,"lost","negative"
113,"lost",NA
113,"lost","negative"
113,"their",NA
113,"house",NA
113,"in",NA
113,"the",NA
113,"ymmfire",NA
113,"",NA
113,"",NA
114,"Fort",NA
114,"McMurray",NA
114,"rebuild",NA
114,"to",NA
114,"inject",NA
114,"53B",NA
114,"into",NA
114,"economy","trust"
114,"httpwww",NA
114,"mygrandeprairienowcom23274fortmcm",NA
114,"urrayrebuildinject53beconomy",NA
114,"…",NA
114,"gpab",NA
114,"ymm",NA
114,"ymmfire",NA
114,"pictwittercompVGYRZJuvK",NA
115,"I",NA
115,"love","joy"
115,"love","positive"
115,"love","positive"
115,"love",NA
115,"this",NA
115,"Each",NA
115,"one",NA
115,"is",NA
115,"so",NA
115,"different",NA
115,"yet",NA
115,"carries",NA
115,"the",NA
115,"same",NA
115,"thread",NA
115,"about",NA
115,"caring",NA
115,"and",NA
115,"protection","positive"
115,"oilsands",NA
115,"ymmfire",NA
115,"httpwww",NA
115,"jwnenergycomarticle20161",NA
115,"1fourstoriesaboutgoingthroughwildfiresuncorsyncrudeshellandcanadiannaturalresources",NA
115,"…",NA
116,"Rigby",NA
116,"says",NA
116,"shes",NA
116,"sadly","negative"
116,"sadly","sadness"
116,"sadly","negative"
116,"sadly",NA
116,"not",NA
116,"surprised","surprise"
116,"by",NA
116,"the",NA
116,"latest",NA
116,"numbers","positive"
116,"about",NA
116,"food","joy"
116,"food","positive"
116,"food","trust"
116,"bank","trust"
116,"use",NA
116,"in",NA
116,"Alberta",NA
116,"The",NA
116,"ymmfire",NA
116,"",NA
116,"recession","anger"
116,"recession","disgust"
116,"recession","fear"
116,"recession","negative"
116,"recession","sadness"
116,"recession","negative"
116,"recession",NA
116,"recession","negative"
116,"are",NA
116,"contributing",NA
116,"factors",NA
117,"Fort",NA
117,"McMurray",NA
117,"rebuild",NA
117,"to",NA
117,"inject",NA
117,"53B",NA
117,"into",NA
117,"economy","trust"
117,"by",NA
117,"2019",NA
117,"Conference",NA
117,"Board",NA
117,"of",NA
117,"Canada",NA
117,"httpwww",NA
117,"edmontonsuncom20161115for",NA
117,"mcmurrayrebuildtoinject53bintoeconomyby2019conferenceboardofcanada",NA
117,"…",NA
117,"ymmfire",NA
117,"yeg",NA
117,"pictwittercombs6N843ue5",NA
118,"BigDog1035",NA
118,"was",NA
118,"nominated",NA
118,"for",NA
118,"the",NA
118,"HeroesOfTheWildfire",NA
118,"",NA
118,"Whoever",NA
118,"nominated",NA
118,"us",NA
118,"thank","positive"
118,"thank",NA
118,"you",NA
118,"CC",NA
118,"jtmarshallCKOM",NA
118,"laclabiche",NA
118,"ymm",NA
118,"ymmfire",NA
118,"pictwittercomvVJiD1nBe1",NA
119,"Big",NA
119,"Thank",NA
119,"You",NA
119,"again",NA
119,"from",NA
119,"FMPSD",NA
119,"to",NA
119,"SCDSBSchools",NA
119,"for",NA
119,"your",NA
119,"fundraising",NA
119,"ymm",NA
119,"ymmfire",NA
119,"pictwittercom1K802GEPiC",NA
120,"Talking",NA
120,"about",NA
120,"changes",NA
120,"caused",NA
120,"by",NA
120,"ymmfire",NA
120,"Google",NA
120,"Hangout",NA
120,"with",NA
120,"SCDSBSchools",NA
120,"ymm",NA
120,"pictwittercom5GXxJ07Co0",NA
121,"Thanks",NA
121,"to",NA
121,"all",NA
121,"SCDSBSchools",NA
121,"students",NA
121,"for",NA
121,"going",NA
121,"above",NA
121,"and",NA
121,"beyond",NA
121,"to",NA
121,"fundraise",NA
121,"for",NA
121,"us",NA
121,"We",NA
121,"are",NA
121,"so",NA
121,"grateful","positive"
121,"grateful","positive"
121,"grateful",NA
121,"YMM",NA
121,"ymmfire",NA
121,"pictwittercomX48qBniEaS",NA
122,"Hello",NA
122,"",NA
122,"Thank",NA
122,"you",NA
122,"from",NA
122,"Fort",NA
122,"McMurray",NA
122,"to",NA
122,"all",NA
122,"SCDSBSchools",NA
122,"",NA
122,"We",NA
122,"appreciate","positive"
122,"appreciate",NA
122,"your",NA
122,"help",NA
122,"during",NA
122,"ymmfire",NA
122,"ymm",NA
122,"CanadiansSupportingCanadians",NA
122,"ymm",NA
122,"pictwittercom4OLRvSBdtA",NA
123,"WBEA1",NA
123,"is",NA
123,"proud","anticipation"
123,"proud","joy"
123,"proud","positive"
123,"proud","trust"
123,"proud","positive"
123,"proud",NA
123,"to",NA
123,"be",NA
123,"recognized",NA
123,"by",NA
123,"RachelNotley",NA
123,"through",NA
123,"Heroes",NA
123,"of",NA
123,"the",NA
123,"Wildfire",NA
123,"program",NA
123,"We",NA
123,"were",NA
123,"glad","anticipation"
123,"glad","joy"
123,"glad","positive"
123,"glad","positive"
123,"glad",NA
123,"to",NA
123,"do",NA
123,"our",NA
123,"part",NA
123,"ymmfire",NA
123,"airquality",NA
123,"pictwittercomESlhLcyVyw",NA
124,"We",NA
124,"are",NA
124,"taking",NA
124,"a",NA
124,"family",NA
124,"that",NA
124,"lost","negative"
124,"lost","sadness"
124,"lost","negative"
124,"lost",NA
124,"lost","negative"
124,"their",NA
124,"house",NA
124,"in",NA
124,"ymmfire",NA
124,"and",NA
124,"have",NA
124,"no",NA
124,"insurance",NA
124,"on",NA
124,"a",NA
124,"cruise",NA
124,"next",NA
124,"year",NA
124,"WarmWishes",NA
124,"ShareTheLove",NA
125,"The",NA
125,"Beast",NA
125,"was",NA
125,"devastating","anger"
125,"devastating","disgust"
125,"devastating","fear"
125,"devastating","negative"
125,"devastating","sadness"
125,"devastating","trust"
125,"devastating","negative"
125,"devastating",NA
125,"devastating","negative"
125,"but",NA
125,"there",NA
125,"is",NA
125,"an",NA
125,"upside",NA
125,"a",NA
125,"53B",NA
125,"boost","positive"
125,"boost",NA
125,"boost","positive"
125,"to",NA
125,"the",NA
125,"economy","trust"
125,"by",NA
125,"2019",NA
125,"More",NA
125,"on",NA
125,"this",NA
125,"http",NA
125,"owlyuMfK306bUBU",NA
125,"ymmfire",NA
125,"pictwittercomnMsU99fSbf",NA
126,"Report",NA
126,"Wildfire",NA
126,"to",NA
126,"cost",NA
126,"goverments",NA
126,"and",NA
126,"insurers",NA
126,"over",NA
126,"5",NA
126,"billion",NA
126,"ymm",NA
126,"ymmfire",NA
126,"httpwww",NA
126,"mix1037fmcom20161114178",NA
126,"18",NA
126,"…",NA
127,"RT",NA
127,"globalnewsto",NA
127,"",NA
127,"Ft",NA
127,"McMurray",NA
127,"wildfire","fear"
127,"wildfire","negative"
127,"wildfire","sadness"
127,"wildfire","surprise"
127,"research",NA
127,"looks",NA
127,"into",NA
127,"blaze’s",NA
127,"impact",NA
127,"on",NA
127,"indigenous",NA
127,"people",NA
127,"http",NA
127,"glbncaC1sUrq",NA
127,"ymm",NA
127,"ymmfire",NA
127,"Metis",NA
128,"Fort",NA
128,"McMurray",NA
128,"rebuild",NA
128,"to",NA
128,"pump",NA
128,"53B",NA
128,"back",NA
128,"into",NA
128,"Albertas",NA
128,"economy","trust"
128,"httpwww",NA
128,"660newscom20161115for",NA
128,"tmcmurrayrebuildpump53bbackalbertaseconomy",NA
128,"…",NA
128,"ymm",NA
128,"ymmfire",NA
128,"pictwittercom0yOHeOW6nN",NA
129,"Cost",NA
129,"of",NA
129,"ymmfire",NA
129,"in",NA
129,"Fort",NA
129,"McMurray",NA
129,"to",NA
129,"rise",NA
129,"to",NA
129,"53",NA
129,"Billion",NA
129,"according",NA
129,"to",NA
129,"ConfBoardofCda",NA
129,"",NA
129,"Highest",NA
129,"estimate",NA
129,"to",NA
129,"date",NA
129,"12",NA
129,"ymm",NA
130,"The",NA
130,"ymmfire",NA
130,"this",NA
130,"May",NA
130,"is",NA
130,"expected","anticipation"
130,"to",NA
130,"cost",NA
130,"over",NA
130,"53b",NA
130,"http",NA
130,"kaos911comaboutusnews",NA
130,"andevents3118november15thnewsupdatehtml",NA
130,"…",NA
130,"ymm",NA
130,"rmwb",NA
131,"New",NA
131,"report",NA
131,"finds",NA
131,"rebuilding",NA
131,"Fort",NA
131,"Mac",NA
131,"will",NA
131,"inject",NA
131,"53B",NA
131,"into",NA
131,"AB",NA
131,"economy","trust"
131,"through",NA
131,"2019",NA
131,"ymmfire",NA
131,"http",NA
131,"bitly2gbXCYh",NA
131,"pictwittercomImV8ovf4Hu",NA
132,"Its",NA
132,"been",NA
132,"a",NA
132,"challenging","negative"
132,"challenging","negative"
132,"year",NA
132,"thats",NA
132,"for",NA
132,"sure",NA
132,"",NA
132,"yegfoodbank",NA
132,"helping","positive"
132,"helping",NA
132,"20000",NA
132,"people",NA
132,"per",NA
132,"month",NA
132,"Demand",NA
132,"up",NA
132,"bc",NA
132,"ymmfire",NA
132,"",NA
132,"refugees",NA
132,"economy","trust"
133,"Great",NA
133,"to",NA
133,"see",NA
133,"Northlands",NA
133,"Exec",NA
133,"Chef",NA
133,"JaimeetKathuria",NA
133,"",NA
133,"He",NA
133,"",NA
133,"his",NA
133,"team","trust"
133,"were",NA
133,"responsible","positive"
133,"responsible","trust"
133,"responsible",NA
133,"for",NA
133,"over",NA
133,"90K",NA
133,"meals",NA
133,"served",NA
133,"to",NA
133,"ymmfire",NA
133,"evacuees",NA
133,"Ableg",NA
133,"pictwittercoma3BloRuJGf",NA
134,"RT",NA
134,"UBCIC",NA
134,"",NA
134,"Study",NA
134,"to",NA
134,"look",NA
134,"at",NA
134,"how",NA
134,"Fort",NA
134,"McMurray",NA
134,"wildfire","fear"
134,"wildfire","negative"
134,"wildfire","sadness"
134,"wildfire","surprise"
134,"affected",NA
134,"indigenous",NA
134,"people",NA
134,"",NA
134,"MetroNews",NA
134,"Canada",NA
134,"http",NA
134,"owlygHPK506smsv",NA
134,"ymm",NA
134,"ymmfire",NA
135,"Patrick",NA
135,"Lundy",NA
135,"explains",NA
135,"how",NA
135,"Zurichs",NA
135,"claims","negative"
135,"claims","litigious"
135,"dept",NA
135,"made",NA
135,"a",NA
135,"difference",NA
135,"for",NA
135,"customers",NA
135,"during",NA
135,"ymmfire",NA
135,"TopBrokerSummit",NA
135,"pictwittercomZwV4gSm9fu",NA
136,"Hard",NA
136,"to",NA
136,"believe","uncertainty"
136,"this",NA
136,"was",NA
136,"7",NA
136,"months",NA
136,"ago",NA
136,"already",NA
136,"CBC",NA
136,"did",NA
136,"awesome","positive"
136,"awesome",NA
136,"coverage",NA
136,"through",NA
136,"the",NA
136,"evacuation","negative"
136,"Thanks",NA
136,"swaindiana",NA
136,"as",NA
136,"well","positive"
136,"ymm",NA
136,"ymmfire",NA
136,"pictwittercom1dSgIJTb0n",NA
137,"",NA
137,"RedCrossAB",NA
137,"funds",NA
137,"study","positive"
137,"into",NA
137,"how",NA
137,"ymmfire",NA
137,"affected",NA
137,"indigenous",NA
137,"people",NA
137,"ymm",NA
137,"",NA
137,"httpwww",NA
137,"660newscom20161113red",NA
137,"crossfundsstudyintohowfortmcmurraywildfireaffectedindigenouspeople",NA
137,"…",NA
137,"pictwittercomQzhhL4wKBS",NA
138,"RT",NA
138,"globalnews",NA
138,"",NA
138,"Fort",NA
138,"McMurray",NA
138,"wildfire","fear"
138,"wildfire","negative"
138,"wildfire","sadness"
138,"wildfire","surprise"
138,"research",NA
138,"looks",NA
138,"into",NA
138,"blaze’s",NA
138,"impact",NA
138,"on",NA
138,"indigenous",NA
138,"people",NA
138,"http",NA
138,"glbncaXJUsrL",NA
138,"ymm",NA
138,"ymmfire",NA
139,"Fire",NA
139,"chiefs",NA
139,"mull",NA
139,"findings",NA
139,"of",NA
139,"Fort",NA
139,"McMurray",NA
139,"wildfire","fear"
139,"wildfire","negative"
139,"wildfire","sadness"
139,"wildfire","surprise"
139,"report",NA
139,"ymmfire",NA
139,"http",NA
139,"bitly2g3W82b",NA
139,"pictwittercom31nj3PuZbE",NA
140,"Fort",NA
140,"McMurray",NA
140,"wildfire","fear"
140,"wildfire","negative"
140,"wildfire","sadness"
140,"wildfire","surprise"
140,"research",NA
140,"looks",NA
140,"into",NA
140,"blazes",NA
140,"impact",NA
140,"on",NA
140,"indigenous",NA
140,"people",NA
140,"ymm",NA
140,"ymmfire",NA
140,"http",NA
140,"glbncaN7rURN",NA
141,"My",NA
141,"best","positive"
141,"best",NA
141,"best","positive"
141,"friend","joy"
141,"friend","positive"
141,"friend","trust"
141,"published",NA
141,"a",NA
141,"collection",NA
141,"of",NA
141,"stories",NA
141,"by",NA
141,"those",NA
141,"affected",NA
141,"by",NA
141,"the",NA
141,"YMMfire",NA
141,"earlier",NA
141,"this",NA
141,"year",NA
141,"AlbertaStrong",NA
141,"httpwww",NA
141,"the88000projectcompreorder",NA
141,"pictwittercomAU6MW5n0y8",NA
142,"ThrowbackThursday",NA
142,"Children",NA
142,"play",NA
142,"at",NA
142,"our",NA
142,"Child",NA
142,"Friendly",NA
142,"Space",NA
142,"set",NA
142,"up",NA
142,"in",NA
142,"Alberta",NA
142,"following",NA
142,"YMMFIRE",NA
143,"TBT",NA
143,"Fort",NA
143,"McMurray",NA
143,"just",NA
143,"enjoying","anticipation"
143,"enjoying","joy"
143,"enjoying","positive"
143,"enjoying","trust"
143,"enjoying","positive"
143,"enjoying",NA
143,"enjoying","positive"
143,"the",NA
143,"view",NA
143,"of",NA
143,"the",NA
143,"Athabasca",NA
143,"River",NA
143,"ymmfire",NA
143,"pictwittercomKtTO0VV77J",NA
144,"Fort",NA
144,"McMurray",NA
144,"wildfire","fear"
144,"wildfire","negative"
144,"wildfire","sadness"
144,"wildfire","surprise"
144,"local",NA
144,"state",NA
144,"of",NA
144,"emergency","fear"
144,"emergency","negative"
144,"emergency","sadness"
144,"emergency","surprise"
144,"emergency","negative"
144,"emergency",NA
144,"will",NA
144,"end",NA
144,"Thursday",NA
144,"night",NA
144,"ymm",NA
144,"ymmfire",NA
144,"http",NA
144,"glbncaXcb1ns",NA
145,"Fort",NA
145,"McMurray",NA
145,"wildfire","fear"
145,"wildfire","negative"
145,"wildfire","sadness"
145,"wildfire","surprise"
145,"local",NA
145,"state",NA
145,"of",NA
145,"emergency","fear"
145,"emergency","negative"
145,"emergency","sadness"
145,"emergency","surprise"
145,"emergency","negative"
145,"emergency",NA
145,"will",NA
145,"end",NA
145,"Thursday",NA
145,"night",NA
145,"ymm",NA
145,"ymmfire",NA
145,"http",NA
145,"glbncadBgyPJ",NA
146,"Fort",NA
146,"McMurray",NA
146,"wildfire","fear"
146,"wildfire","negative"
146,"wildfire","sadness"
146,"wildfire","surprise"
146,"local",NA
146,"state",NA
146,"of",NA
146,"emergency","fear"
146,"emergency","negative"
146,"emergency","sadness"
146,"emergency","surprise"
146,"emergency","negative"
146,"emergency",NA
146,"will",NA
146,"end",NA
146,"Thursday",NA
146,"night",NA
146,"ymm",NA
146,"ymmfire",NA
146,"http",NA
146,"glbncadXc6kk",NA
147,"Fort",NA
147,"McMurray",NA
147,"wildfire","fear"
147,"wildfire","negative"
147,"wildfire","sadness"
147,"wildfire","surprise"
147,"local",NA
147,"state",NA
147,"of",NA
147,"emergency","fear"
147,"emergency","negative"
147,"emergency","sadness"
147,"emergency","surprise"
147,"emergency","negative"
147,"emergency",NA
147,"will",NA
147,"end",NA
147,"Thursday",NA
147,"night",NA
147,"ymm",NA
147,"ymmfire",NA
147,"http",NA
147,"glbncaN8VHEX",NA
148,"Home",NA
148,"sweet","anticipation"
148,"sweet","joy"
148,"sweet","positive"
148,"sweet","surprise"
148,"sweet","trust"
148,"sweet","positive"
148,"sweet",NA
148,"home",NA
148,"cleaners",NA
148,"the",NA
148,"best","positive"
148,"best",NA
148,"best","positive"
148,"in",NA
148,"fort","trust"
148,"mcmurray",NA
148,"Restorations",NA
148,"and",NA
148,"residential",NA
148,"ymmfire",NA
148,"fortmcmurray",NA
149,"The",NA
149,"State",NA
149,"of",NA
149,"Local",NA
149,"Emergency",NA
149,"in",NA
149,"FortMcMurray",NA
149,"that",NA
149,"was",NA
149,"declared",NA
149,"on",NA
149,"May",NA
149,"1",NA
149,"2016",NA
149,"because",NA
149,"of",NA
149,"ymmfire",NA
149,"will",NA
149,"end",NA
149,"tonight",NA
149,"at",NA
149,"1159",NA
149,"pm",NA
149,"thanksgod",NA
150,"Létat",NA
150,"durgence",NA
150,"local",NA
150,"à",NA
150,"FortMcMurray",NA
150,"décrété",NA
150,"le",NA
150,"1er",NA
150,"mai",NA
150,"à",NA
150,"cause",NA
150,"du",NA
150,"ymmfire",NA
150,"prend",NA
150,"fin",NA
150,"à",NA
150,"23h59",NA
150,"Était",NA
150,"toujours",NA
150,"en",NA
150,"vigueur",NA
150,"sixmoisplustard",NA
151,"It",NA
151,"hurts","negative"
151,"hurts",NA
151,"so",NA
151,"much",NA
151,"to",NA
151,"watch","anticipation"
151,"watch","fear"
151,"your",NA
151,"child","anticipation"
151,"child","joy"
151,"child","positive"
151,"go",NA
151,"through",NA
151,"something",NA
151,"",NA
151,"nothing",NA
151,"you",NA
151,"do",NA
151,"seems","uncertainty"
151,"to",NA
151,"help",NA
151,"AnxietyAwareness",NA
151,"ymmfire",NA
151,"myboy",NA
151,"parentingshard",NA
151,"pictwittercomJDLTQBiiCr",NA
152,"Great",NA
152,"presentation",NA
152,"by",NA
152,"RMWoodBuffalo",NA
152,"this",NA
152,"morning",NA
152,"at",NA
152,"epbcc",NA
152,"on",NA
152,"ymmfire",NA
152,"",NA
152,"Yes",NA
152,"partnership","positive"
152,"partnership","trust"
152,"is",NA
152,"key",NA
152,"",NA
152,"InsuranceBureau",NA
152,"proud","anticipation"
152,"proud","joy"
152,"proud","positive"
152,"proud","trust"
152,"proud","positive"
152,"proud",NA
152,"to",NA
152,"take",NA
152,"part",NA
152,"pictwittercomENigRY0VTV",NA
153,"My",NA
153,"interview",NA
153,"w",NA
153,"jarynvecchio",NA
153,"regarding",NA
153,"redcrosscanada",NA
153,"project",NA
153,"to",NA
153,"study","positive"
153,"ymmfire",NA
153,"impact",NA
153,"on",NA
153,"ymm",NA
153,"indigenous",NA
153,"people",NA
153,"https",NA
153,"mfacebookcomstoryphpstor",NA
153,"yfbid1199952100066684id391702977558271",NA
153,"…",NA
154,"MT",NA
154,"CBCDavid",NA
154,"",NA
154,"Whats",NA
154,"the",NA
154,"impact",NA
154,"of",NA
154,"ymmfire",NA
154,"on",NA
154,"Metis",NA
154,"communities",NA
154,"ymm",NA
154,"A",NA
154,"study","positive"
154,"announced",NA
154,"today",NA
154,"hopes",NA
154,"to",NA
154,"find",NA
154,"out",NA
154,"https",NA
154,"twittercomiwebstatus7",NA
154,"96177871907803136",NA
154,"…",NA
155,"More",NA
155,"on",NA
155,"the",NA
155,"project",NA
155,"we",NA
155,"are",NA
155,"proud","anticipation"
155,"proud","joy"
155,"proud","positive"
155,"proud","trust"
155,"proud","positive"
155,"proud",NA
155,"to",NA
155,"be",NA
155,"leading","trust"
155,"leading","positive"
155,"leading","positive"
155,"Really",NA
155,"hope","anticipation"
155,"hope","joy"
155,"hope","positive"
155,"hope","surprise"
155,"hope","trust"
155,"hope",NA
155,"it",NA
155,"helps",NA
155,"ymm",NA
155,"heal","joy"
155,"heal","positive"
155,"heal","trust"
155,"heal","positive"
155,"Metis",NA
155,"FN",NA
155,"Indigenous",NA
155,"ymmfire",NA
155,"https",NA
155,"twittercomCBCDavidstatu",NA
155,"s796177871907803136",NA
155,"…",NA
156,"MT",NA
156,"CBCDavid",NA
156,"",NA
156,"Whats",NA
156,"the",NA
156,"impact",NA
156,"of",NA
156,"the",NA
156,"ymmfire",NA
156,"on",NA
156,"indigenous",NA
156,"communities",NA
156,"A",NA
156,"new",NA
156,"study","positive"
156,"hopes",NA
156,"to",NA
156,"shed","negative"
156,"light",NA
156,"pictwittercomkyP67CQqix",NA
156,"ymm",NA
157,"ualberta",NA
157,"proud","anticipation"
157,"proud","joy"
157,"proud","positive"
157,"proud","trust"
157,"proud","positive"
157,"proud",NA
157,"of",NA
157,"our",NA
157,"C5",NA
157,"partners",NA
157,"who",NA
157,"worked","positive"
157,"along",NA
157,"with",NA
157,"us",NA
157,"during",NA
157,"the",NA
157,"ymmfire",NA
157,"THANK",NA
157,"YOU",NA
157,"pictwittercomiuauxgKgrU",NA
158,"Thanking",NA
158,"all",NA
158,"our",NA
158,"wonderful","joy"
158,"wonderful","positive"
158,"wonderful","surprise"
158,"wonderful","trust"
158,"wonderful","positive"
158,"wonderful",NA
158,"staff",NA
158,"who",NA
158,"helped","positive"
158,"out",NA
158,"in",NA
158,"hosting",NA
158,"evacuees",NA
158,"from",NA
158,"ymmfire",NA
158,"",NA
158,"pictwittercomXnQrZNl2HL",NA
159,"Wow",NA
159,"scotiabank",NA
159,"dropped","negative"
159,"the",NA
159,"ball",NA
159,"with",NA
159,"mortgages",NA
159,"involved",NA
159,"in",NA
159,"ymmfire",NA
159,"poorcustomerservice",NA
159,"cantgetproblemsolved",NA
160,"Some",NA
160,"wonderful","joy"
160,"wonderful","positive"
160,"wonderful","surprise"
160,"wonderful","trust"
160,"wonderful","positive"
160,"wonderful",NA
160,"news",NA
160,"on",NA
160,"a",NA
160,"day",NA
160,"where",NA
160,"twitter",NA
160,"world",NA
160,"is",NA
160,"just",NA
160,"not",NA
160,"very",NA
160,"nice","positive"
160,"nice",NA
160,"Well",NA
160,"done",NA
160,"CanadaSoccerEN",NA
160,"ymmfire",NA
160,"still",NA
160,"receiving","anticipation"
160,"receiving","joy"
160,"receiving","positive"
160,"receiving","surprise"
160,"support","positive"
160,"support",NA
160,"yegCLs",NA
160,"https",NA
160,"twittercomCanadaSoccerEN",NA
160,"status796457498752466944",NA
160,"…",NA
161,"Well",NA
161,"I",NA
161,"am",NA
161,"thinking",NA
161,"that",NA
161,"after",NA
161,"surviving",NA
161,"the",NA
161,"ymmfire",NA
161,"AND",NA
161,"having",NA
161,"a",NA
161,"woodshop",NA
161,"you",NA
161,"are",NA
161,"pretty","anticipation"
161,"pretty","joy"
161,"pretty","positive"
161,"pretty","trust"
161,"pretty","positive"
161,"pretty",NA
161,"much",NA
161,"invincible","positive"
161,"invincible",NA
162,"great","positive"
162,"great",NA
162,"great","positive"
162,"tunes",NA
162,"Loved",NA
162,"Beacon",NA
162,"Hill",NA
162,"ymmfire",NA
163,"The",NA
163,"ymmfire",NA
163,"had",NA
163,"impacts",NA
163,"on",NA
163,"all",NA
163,"the",NA
163,"communities",NA
163,"in",NA
163,"RMWB",NA
163,"pleased","joy"
163,"pleased","positive"
163,"pleased","positive"
163,"pleased",NA
163,"pleased","positive"
163,"to",NA
163,"be",NA
163,"given",NA
163,"the",NA
163,"capacity",NA
163,"to",NA
163,"tell",NA
163,"our",NA
163,"story",NA
163,"ymm",NA
163,"https",NA
163,"twittercomMyMcMurraysta",NA
163,"tus796059034629459968",NA
163,"…",NA
164,"The",NA
164,"Fort",NA
164,"McMurray",NA
164,"Fire",NA
164,"is",NA
164,"still",NA
164,"in",NA
164,"the",NA
164,"news",NA
164,"",NA
164,"this",NA
164,"time","anticipation"
164,"on",NA
164,"Jeopardy",NA
164,"RMWoodBuffalo",NA
164,"ymmchamber",NA
164,"FortMacToday",NA
164,"YMM",NA
164,"YMMFire",NA
164,"WhatIsAlberta",NA
164,"pictwittercomfbE0DXeTGf",NA
165,"Hopefully",NA
165,"this",NA
165,"is",NA
165,"not",NA
165,"a",NA
165,"bad","anger"
165,"bad","disgust"
165,"bad","fear"
165,"bad","negative"
165,"bad","sadness"
165,"bad","negative"
165,"bad",NA
165,"bad","negative"
165,"omen","anticipation"
165,"omen","fear"
165,"omen","negative"
165,"for",NA
165,"Election2016",NA
165,"day",NA
165,"ymm",NA
165,"ymmfire",NA
165,"https",NA
165,"twittercomtyranaultstat",NA
165,"us795801698157654016",NA
165,"…",NA
166,"there",NA
166,"is",NA
166,"clear","positive"
166,"clear",NA
166,"photo",NA
166,"evidence",NA
166,"that",NA
166,"geoengineering",NA
166,"w",NA
166,"involved",NA
166,"in",NA
166,"ymmfire",NA
166,"ableg",NA
166,"bcpoli",NA
166,"cdnpoli",NA
166,"pstaatz",NA
166,"JustinTrudeau",NA
166,"WTF",NA
166,"pictwittercomN4T69WRzEh",NA
167,"Hmm",NA
167,"ymmfire",NA
167,"alberta",NA
167,"https",NA
167,"twittercommahspacestatu",NA
167,"s795829515905810432",NA
167,"…",NA
168,"Look",NA
168,"what",NA
168,"happened",NA
168,"on",NA
168,"Jeopardy",NA
168,"tonight",NA
168,"Nobody",NA
168,"knew",NA
168,"the",NA
168,"answer",NA
168,"ymm",NA
168,"ymmfire",NA
168,"pictwittercomHE5F1honyD",NA
169,"What",NA
169,"is",NA
169,"alberta",NA
169,"",NA
169,"I",NA
169,"really",NA
169,"hope","anticipation"
169,"hope","joy"
169,"hope","positive"
169,"hope","surprise"
169,"hope","trust"
169,"hope",NA
169,"the",NA
169,"contestant",NA
169,"answered",NA
169,"correctly","positive"
169,"ymm",NA
169,"ymmfire",NA
169,"rmwb",NA
169,"Jeopardy",NA
169,"pictwittercomeT2atNRmdV",NA
170,"blakeshelton",NA
170,"We",NA
170,"will",NA
170,"be",NA
170,"at",NA
170,"crashmyplaya",NA
170,"",NA
170,"Can",NA
170,"u",NA
170,"officiate",NA
170,"my",NA
170,"friends",NA
170,"who",NA
170,"had",NA
170,"to",NA
170,"cancel","negative"
170,"cancel","sadness"
170,"cancel",NA
170,"cancel","negative"
170,"their",NA
170,"wedding",NA
170,"due",NA
170,"to",NA
170,"the",NA
170,"ymmfire",NA
170,"",NA
170,"beachweddings",NA
171,"",NA
171,"ThompsonToronto",NA
171,"is",NA
171,"first",NA
171,"class",NA
171,"hotel",NA
171,"in",NA
171,"DT",NA
171,"yyz",NA
171,"Gr8",NA
171,"service",NA
171,"In",NA
171,"town",NA
171,"for",NA
171,"COPAs",NA
171,"Fingers",NA
171,"crossed",NA
171,"we",NA
171,"win","positive"
171,"win",NA
171,"win","positive"
171,"yyc",NA
171,"ymmfire",NA
172,"FYI",NA
172,"uncensored",NA
172,"commentary",NA
172,"from",NA
172,"people",NA
172,"interviewed",NA
172,"ymmfire",NA
172,"https",NA
172,"twittercomNFBKatjastat",NA
172,"us795674778472476672",NA
172,"…",NA
173,"",NA
173,"YourAlberta",NA
173,"gives",NA
173,"an",NA
173,"inside",NA
173,"look",NA
173,"into",NA
173,"ymmfire",NA
173,"in",NA
173,"their",NA
173,"latest",NA
173,"disaster","anger"
173,"disaster","disgust"
173,"disaster","fear"
173,"disaster","negative"
173,"disaster","sadness"
173,"disaster","surprise"
173,"disaster","negative"
173,"disaster",NA
173,"disaster","negative"
173,"response",NA
173,"an",NA
173,"recovery","positive"
173,"recovery","positive"
173,"report",NA
173,"http",NA
173,"bitly2fLHqgr",NA
174,"Our",NA
174,"Journey",NA
174,"of",NA
174,"Hope",NA
174,"program",NA
174,"seeks",NA
174,"to",NA
174,"contribute","positive"
174,"to",NA
174,"Fort",NA
174,"McMurrays",NA
174,"recovery","positive"
174,"recovery","positive"
174,"YMMFire",NA
174,"pictwittercomPQIOYgAMkV",NA
175,"blakeshelton",NA
175,"Up",NA
175,"for",NA
175,"marrying",NA
175,"my",NA
175,"two",NA
175,"friends",NA
175,"at",NA
175,"crashmyplaya",NA
175,"in",NA
175,"PlayaDelCarmen",NA
175,"this",NA
175,"year",NA
175,"They",NA
175,"had",NA
175,"to",NA
175,"postpone",NA
175,"postpone","negative"
175,"due",NA
175,"to",NA
175,"the",NA
175,"ymmfire",NA
175,"",NA
176,"The",NA
176,"latest",NA
176,"Study",NA
176,"in",NA
176,"Canada",NA
176,"News",NA
176,"http",NA
176,"paperlicanadaimmigrat",NA
176,"e1341981784editionid494c38f0a4a511e6898d002590a5ba2d",NA
176,"…",NA
176,"ualberta",NA
176,"ymmfire",NA
177,"is",NA
177,"this",NA
177,"airing",NA
177,"in",NA
177,"Canada",NA
177,"tonight",NA
177,"Or",NA
177,"will",NA
177,"it",NA
177,"be",NA
177,"shared",NA
177,"online",NA
177,"ymm",NA
177,"ymmfire",NA
178,"This",NA
178,"spring",NA
178,"the",NA
178,"UAlberta",NA
178,"community","positive"
178,"opened",NA
178,"its",NA
178,"hearts",NA
178,"and",NA
178,"doors",NA
178,"to",NA
178,"the",NA
178,"people",NA
178,"of",NA
178,"Fort",NA
178,"McMurray",NA
178,"http",NA
178,"owlyK0S8305U8tP",NA
178,"ymmfire",NA
178,"longreads",NA
178,"pictwittercomckIGkhQcxf",NA
179,"Airmont",NA
179,"Court",NA
179,"The",NA
179,"site",NA
179,"of",NA
179,"the",NA
179,"first",NA
179,"house",NA
179,"we",NA
179,"ever",NA
179,"owned",NA
179,"ymmfire",NA
179,"fortmac",NA
179,"ymm",NA
179,"yqltoymm",NA
179,"…",NA
179,"httpswww",NA
179,"instagramcompBMctxLGhwg8",NA
180,"Reflecting",NA
180,"on",NA
180,"all",NA
180,"the",NA
180,"homes",NA
180,"we",NA
180,"had",NA
180,"lived",NA
180,"in",NA
180,"here",NA
180,"Three",NA
180,"remain",NA
180,"Abasand",NA
180,"is",NA
180,"next",NA
180,"ymm",NA
180,"ymmfire",NA
180,"…",NA
180,"httpswww",NA
180,"instagramcompBMctQbVhF",NA
181,"Gr8",NA
181,"report",NA
181,"Gr8",NA
181,"progress","anticipation"
181,"progress","joy"
181,"progress","positive"
181,"progress","positive"
181,"progress",NA
181,"progress","positive"
181,"Proud",NA
181,"of",NA
181,"InsuranceBureau",NA
181,"s",NA
181,"work","positive"
181,"towards",NA
181,"recovery","positive"
181,"recovery","positive"
181,"after",NA
181,"ymmfire",NA
181,"",NA
181,"https",NA
181,"twittercomRachelNotleys",NA
181,"tatus794977614461104128",NA
181,"…",NA
182,"Minister",NA
182,"DanielleLarivee",NA
182,"has",NA
182,"released",NA
182,"a",NA
182,"report",NA
182,"highlighting",NA
182,"progress","anticipation"
182,"progress","joy"
182,"progress","positive"
182,"progress","positive"
182,"progress",NA
182,"progress","positive"
182,"made",NA
182,"to",NA
182,"rebuild",NA
182,"",NA
182,"recover","positive"
182,"after",NA
182,"ymmfire",NA
182,"",NA
182,"http",NA
182,"bitly2fn6XsT",NA
182,"pictwittercomA0dHFMAZ2w",NA
183,"For",NA
183,"anyone",NA
183,"looking",NA
183,"for",NA
183,"the",NA
183,"abndp",NA
183,"update",NA
183,"in",NA
183,"the",NA
183,"ymm",NA
183,"rebuild",NA
183,"ymmfire",NA
183,"ymmbuild",NA
183,"https",NA
183,"twittercomabndpcaucusst",NA
183,"atus794909640609787904",NA
183,"…",NA
184,"",NA
184,"are",NA
184,"you",NA
184,"gonna",NA
184,"blame","anger"
184,"blame","disgust"
184,"blame","negative"
184,"blame","negative"
184,"blame",NA
184,"Co2",NA
184,"",NA
184,"Which",NA
184,"is",NA
184,"Apologising",NA
184,"for",NA
184,"geoengineering",NA
184,"",NA
184,"ymmfire",NA
184,"ableg",NA
184,"cdnpoli",NA
184,"bcpoli",NA
184,"leap",NA
184,"",NA
184,"pictwittercomSbYF31LWGZ",NA
185,"Documentary",NA
185,"",NA
185,"FortMcMurray",NA
185,"After",NA
185,"the",NA
185,"Fire",NA
185,"httpswww",NA
185,"nfbcaashandoilu",NA
185,"tmcampaign286320NFBFilms20161104ashandoilutmmediumemailutmsourceNFBAllUsers",NA
185,"…",NA
185,"ymmfire",NA
185,"YMM",NA
185,"FortMacFire",NA
185,"abpoli",NA
185,"Alberta",NA
185,"gscholar",NA
185,"angelaregnier",NA
186,"They",NA
186,"were",NA
186,"great","positive"
186,"great",NA
186,"great","positive"
186,"when",NA
186,"responding",NA
186,"to",NA
186,"ymmfire",NA
186,"",NA
186,"Im",NA
186,"just",NA
186,"sceptical","trust"
186,"sceptical","negative"
186,"sceptical",NA
186,"of",NA
186,"this",NA
186,"outreach",NA
186,"tactic",NA
186,"for",NA
186,"any",NA
186,"brand",NA
187,"Hundreds",NA
187,"of",NA
187,"Fort",NA
187,"McMurray",NA
187,"residents",NA
187,"in",NA
187,"areas",NA
187,"hit","anger"
187,"hit","negative"
187,"hardest",NA
187,"by",NA
187,"wildfire","fear"
187,"wildfire","negative"
187,"wildfire","sadness"
187,"wildfire","surprise"
187,"finally","anticipation"
187,"finally","disgust"
187,"finally","joy"
187,"finally","positive"
187,"finally","surprise"
187,"finally","trust"
187,"allowed",NA
187,"to",NA
187,"go",NA
187,"home",NA
187,"ymm",NA
187,"ymmfire",NA
187,"http",NA
187,"glbncaTssNrK",NA
188,"ICYMI",NA
188,"",NA
188,"Our",NA
188,"CEO",NA
188,"says",NA
188,"its",NA
188,"time","anticipation"
188,"for",NA
188,"Canadians",NA
188,"to",NA
188,"prepare","anticipation"
188,"prepare","positive"
188,"ConradSauve",NA
188,"reflects",NA
188,"on",NA
188,"the",NA
188,"ymmfire",NA
188,"",NA
188,"6",NA
188,"months",NA
188,"later",NA
188,"http",NA
188,"bitly2eImfa2",NA
189,"Final",NA
189,"residents",NA
189,"with",NA
189,"standing","positive"
189,"homes",NA
189,"in",NA
189,"ymm",NA
189,"can",NA
189,"now",NA
189,"return",NA
189,"224",NA
189,"homes",NA
189,"given",NA
189,"the",NA
189,"all",NA
189,"clear","positive"
189,"clear",NA
189,"today",NA
189,"Six",NA
189,"months",NA
189,"after",NA
189,"ymmfire",NA
190,"Our",NA
190,"own",NA
190,"SVP",NA
190,"Atlantic",NA
190,"Canada",NA
190,"jodisgetson",NA
190,"was",NA
190,"on",NA
190,"ABPrimetime",NA
190,"to",NA
190,"reflect",NA
190,"on",NA
190,"the",NA
190,"6",NA
190,"month",NA
190,"anniversary",NA
190,"of",NA
190,"ymmfire",NA
190,"",NA
190,"http",NA
190,"bitly2fpVkiS",NA
191,"Grace",NA
191,"Under",NA
191,"Fire",NA
191,"",NA
191,"the",NA
191,"amazing","positive"
191,"amazing",NA
191,"story",NA
191,"of",NA
191,"UAlberta",NA
191,"s",NA
191,"response",NA
191,"to",NA
191,"the",NA
191,"Fort",NA
191,"McMurray",NA
191,"fire","fear"
191,"fire",NA
191,"http",NA
191,"owlyQpJj305S1VU",NA
191,"yeg",NA
191,"ymmfire",NA
191,"Alberta",NA
191,"pictwittercom3e0KfoF0Z6",NA
192,"Great",NA
192,"to",NA
192,"see",NA
192,"albertachambers",NA
192,"CalgaryChamber",NA
192,"presenting",NA
192,"This",NA
192,"report",NA
192,"was",NA
192,"a",NA
192,"great","positive"
192,"great",NA
192,"great","positive"
192,"support","positive"
192,"support",NA
192,"to",NA
192,"us",NA
192,"during",NA
192,"ymmfire",NA
192,"https",NA
192,"twittercomalbertachamber",NA
192,"sstatus794549414962417664",NA
192,"…",NA
193,"Six",NA
193,"months",NA
193,"after",NA
193,"the",NA
193,"fire","fear"
193,"fire",NA
193,"families",NA
193,"still",NA
193,"reach",NA
193,"out",NA
193,"for",NA
193,"help",NA
193,"ymmfire",NA
193,"via",NA
193,"CBCNews",NA
193,"httpwww",NA
193,"cbccanewscanadaed",NA
193,"montonsixmonthsafterthefirefamiliesstillreachoutforhelp13834125",NA
193,"…",NA
193,"pictwittercomxqNd7PpodI",NA
194,"The",NA
194,"ymmfire",NA
194,"was",NA
194,"not",NA
194,"a",NA
194,"shortterm",NA
194,"issue","negative"
194,"A",NA
194,"look",NA
194,"at",NA
194,"how",NA
194,"Fort",NA
194,"McMurray",NA
194,"nonprofits",NA
194,"are",NA
194,"fairing",NA
194,"and",NA
194,"the",NA
194,"gaps",NA
194,"that",NA
194,"remain",NA
194,"http",NA
194,"owlyP8Hd305E8cb",NA
195,"4700",NA
195,"wildland",NA
195,"firefightersstaff",NA
195,"80",NA
195,"helicopters",NA
195,"and",NA
195,"270",NA
195,"pieces",NA
195,"of",NA
195,"heavy",NA
195,"equipment",NA
195,"used",NA
195,"to",NA
195,"fight","anger"
195,"fight","fear"
195,"fight","negative"
195,"fight",NA
195,"The",NA
195,"Beast",NA
195,"YMMFIRE",NA
195,"FORTMACFIRE",NA
195,"https",NA
195,"twittercomICLRCanadasta",NA
195,"tus794606965469024256",NA
195,"…",NA
196,"Many",NA
196,"many",NA
196,"thanks",NA
196,"to",NA
196,"redcrosscanada",NA
196,"and",NA
196,"our",NA
196,"fellow","positive"
196,"fellow","trust"
196,"Canadians",NA
196,"for",NA
196,"giving","positive"
196,"us",NA
196,"so",NA
196,"much",NA
196,"support","positive"
196,"support",NA
196,"this",NA
196,"past",NA
196,"6",NA
196,"months",NA
196,"ymmstrong",NA
196,"ymmfire",NA
196,"https",NA
196,"twittercomredcrosscanada",NA
196,"status794263019660443648",NA
196,"…",NA
197,"La",NA
197,"CroixRouge",NA
197,"fait",NA
197,"le",NA
197,"point",NA
197,"sur",NA
197,"laide",NA
197,"apportée",NA
197,"à",NA
197,"FortMcMurray",NA
197,"",NA
197,"Le",NA
197,"café",NA
197,"show","trust"
197,"http",NA
197,"iciradiocanadacaemissionslec",NA
197,"afeshow20152016chroniqueaspidChronique421034",NA
197,"…",NA
197,"ymmfire",NA
197,"pictwittercomZdWuuVijpq",NA
198,"In",NA
198,"Fort",NA
198,"McMurray",NA
198,"rebuilding",NA
198,"has",NA
198,"begun","anticipation"
198,"but",NA
198,"the",NA
198,"difficult","fear"
198,"difficult","negative"
198,"difficult",NA
198,"difficult","negative"
198,"recovery","positive"
198,"recovery","positive"
198,"continues",NA
198,"httpwww",NA
198,"cbcca13834125",NA
198,"by",NA
198,"briarstewart",NA
198,"ymm",NA
198,"ymmfire",NA
198,"families",NA
199,"Help",NA
199,"for",NA
199,"Fort",NA
199,"McMurray",NA
199,"rebuilding",NA
199,"efforts",NA
199,"continues",NA
199,"Read",NA
199,"the",NA
199,"latest",NA
199,"in",NA
199,"ConocoPhillips",NA
199,"spirit","positive"
199,"spirit",NA
199,"Mag",NA
199,"ymm",NA
199,"ymmfire",NA
199,"http",NA
199,"bitly2eGyX9f",NA
199,"pictwittercomwS3VtCbm2z",NA
200,"This",NA
200,"is",NA
200,"fantastic","positive"
200,"fantastic",NA
200,"fantastic","positive"
200,"A",NA
200,"Letter",NA
200,"to",NA
200,"Santa",NA
200,"from",NA
200,"a",NA
200,"Fort",NA
200,"McMurray",NA
200,"Firefighter",NA
200,"ymm",NA
200,"ymmfire",NA
200,"http",NA
200,"yourmcmurraymagazinecomspecialeditio",NA
200,"nsholidayguideholidayguide20161852lettertosantafromafortmcmurrayfirefighter",NA
200,"…",NA
201,"May",NA
201,"4th",NA
201,"fire","fear"
201,"fire",NA
201,"danger","fear"
201,"danger","negative"
201,"danger","sadness"
201,"danger","negative"
201,"danger",NA
201,"danger","negative"
201,"map",NA
201,"30",NA
201,"yr",NA
201,"mean",NA
201,"June",NA
201,"12",NA
201,"Fires",NA
201,"by",NA
201,"week",NA
201,"2014",NA
201,"Hello",NA
201,"Anyone",NA
201,"home",NA
201,"ymmfire",NA
201,"pictwittercom34NiWuHepc",NA
202,"Catch",NA
202,"our",NA
202,"look",NA
202,"at",NA
202,"the",NA
202,"progress","anticipation"
202,"progress","joy"
202,"progress","positive"
202,"progress","positive"
202,"progress",NA
202,"progress","positive"
202,"of",NA
202,"efforts",NA
202,"to",NA
202,"rebuild",NA
202,"ymm",NA
202,"",NA
202,"Join",NA
202,"us",NA
202,"at",NA
202,"11PM",NA
202,"ymmfire",NA
202,"albertastrong",NA
202,"pictwittercomR4xoHqVXKR",NA
203,"TODAY",NA
203,"marks",NA
203,"6",NA
203,"months",NA
203,"since",NA
203,"we",NA
203,"were",NA
203,"evacuated",NA
203,"from",NA
203,"the",NA
203,"ymmfire",NA
203,"",NA
203,"not",NA
203,"a",NA
203,"day",NA
203,"goes",NA
203,"by",NA
203,"that",NA
203,"I",NA
203,"dont…",NA
203,"httpswww",NA
203,"instagramcompBMX4yZKD2kD",NA
204,"Six",NA
204,"months",NA
204,"later",NA
204,"Province",NA
204,"updates",NA
204,"Fort",NA
204,"McMurray",NA
204,"recovery","positive"
204,"recovery","positive"
204,"http",NA
204,"owlyyWcG305Q0gZ",NA
204,"ymm",NA
204,"ymmfire",NA
204,"ableg",NA
204,"pictwittercomAXjyi5lkgV",NA
205,"What",NA
205,"only",NA
205,"took",NA
205,"hours",NA
205,"",NA
205,"days",NA
205,"for",NA
205,"ymmfire",NA
205,"to",NA
205,"destroy","negative"
205,"destroy",NA
205,"destroy","negative"
205,"will",NA
205,"take",NA
205,"years",NA
205,"to",NA
205,"recover","positive"
205,"from",NA
205,"httpwww",NA
205,"albertacadocumentsWild",NA
205,"fireHomeAgainReportpdf",NA
205,"…",NA
205,"pictwittercomKJOmpD5v7G",NA
206,"It",NA
206,"was",NA
206,"a",NA
206,"privilege","positive"
206,"And",NA
206,"the",NA
206,"work","positive"
206,"continues",NA
206,"ymmfire",NA
206,"resilience",NA
206,"recovery","positive"
206,"recovery","positive"
206,"https",NA
206,"twittercomkatekerbersta",NA
206,"tus794287686500503552",NA
206,"…",NA
207,"At",NA
207,"6",NA
207,"well","positive"
207,"update",NA
207,"you",NA
207,"on",NA
207,"the",NA
207,"progress","anticipation"
207,"progress","joy"
207,"progress","positive"
207,"progress","positive"
207,"progress",NA
207,"progress","positive"
207,"of",NA
207,"efforts",NA
207,"to",NA
207,"rebuild",NA
207,"ymm",NA
207,"",NA
207,"Join",NA
207,"us",NA
207,"ymmfire",NA
207,"albertastrong",NA
207,"pictwittercomIUmJIINXm9",NA
208,"Well",NA
208,"get",NA
208,"an",NA
208,"update",NA
208,"2nite",NA
208,"on",NA
208,"recovery","positive"
208,"recovery","positive"
208,"efforts",NA
208,"6",NA
208,"mons",NA
208,"after",NA
208,"ymmfire",NA
208,"from",NA
208,"SheldonGermain",NA
208,"",NA
208,"firstonsite",NA
208,"",NA
208,"ABPrimetime",NA
208,"611",NA
208,"CTV",NA
208,"Two",NA
208,"RMWB",NA
208,"pictwittercomdJGdC2t0iK",NA
209,"Read",NA
209,"about",NA
209,"how",NA
209,"Fort",NA
209,"Mac",NA
209,"residents",NA
209,"fled","fear"
209,"wildfires",NA
209,"6",NA
209,"mths",NA
209,"ago",NA
209,"",NA
209,"lessons",NA
209,"for",NA
209,"future",NA
209,"natural",NA
209,"disasters",NA
209,"disasters","negative"
209,"http",NA
209,"owlyX0jK305Ouzi",NA
209,"ableg",NA
209,"ymmfire",NA
210,"Report",NA
210,"outlines",NA
210,"event",NA
210,"leading","trust"
210,"leading","positive"
210,"leading","positive"
210,"up",NA
210,"to",NA
210,"ymmfire",NA
210,"evacuation","negative"
210,"actions",NA
210,"taken",NA
210,"during",NA
210,"",NA
210,"work","positive"
210,"done",NA
210,"to",NA
210,"make",NA
210,"ymm",NA
210,"home",NA
210,"again",NA
210,"http",NA
210,"albertacareleasecfmxI",NA
210,"D43756B3D91E329806D4C937B7BFF6EEDFD477",NA
210,"…",NA
210,"pictwittercomFD3KY59rCy",NA
211,"Thanks",NA
211,"SaveChildrenCan",NA
211,"team","trust"
211,"for",NA
211,"work","positive"
211,"with",NA
211,"kids",NA
211,"and",NA
211,"families",NA
211,"during",NA
211,"ymmfire",NA
211,"",NA
211,"Wont",NA
211,"be",NA
211,"forgotten","fear"
211,"forgotten","negative"
211,"forgotten","sadness"
211,"forgotten",NA
211,"colleenfmalone",NA
211,"sfsave",NA
211,"SavetheChildren",NA
211,"https",NA
211,"twittercomUAlbertastatu",NA
211,"s794207694425034752",NA
211,"…",NA
212,"Fact",NA
212,"our",NA
212,"students",NA
212,"will",NA
212,"use",NA
212,"trees",NA
212,"downed",NA
212,"due",NA
212,"to",NA
212,"the",NA
212,"ymmfire",NA
212,"to",NA
212,"make",NA
212,"geocache",NA
212,"boxes",NA
212,"for",NA
212,"the",NA
212,"Birchwood",NA
212,"Trails",NA
212,"MrDulku",NA
212,"WWhighschool",NA
212,"FMPSD",NA
212,"pictwittercomfCRp5rpVYg",NA
212,"–",NA
212,"bei",NA
212,"Westwood",NA
212,"Community",NA
212,"High",NA
212,"School",NA
213,"So",NA
213,"ualberta",NA
213,"proud","anticipation"
213,"proud","joy"
213,"proud","positive"
213,"proud","trust"
213,"proud","positive"
213,"proud",NA
213,"Thanks",NA
213,"to",NA
213,"our",NA
213,"ualberta",NA
213,"community","positive"
213,"for",NA
213,"opening",NA
213,"your",NA
213,"hearts",NA
213,"to",NA
213,"our",NA
213,"ymmfire",NA
213,"evacuees",NA
213,"https",NA
213,"twittercomUAlbertastatu",NA
213,"s794207694425034752",NA
213,"…",NA
214,"RonaAmbrose",NA
214,"Merci",NA
214,"beaucoup",NA
214,"TeamRubiconCan",NA
214,"pour",NA
214,"votre",NA
214,"aide",NA
214,"aux",NA
214,"résidents",NA
214,"de",NA
214,"Fort",NA
214,"McMurray",NA
214,"après",NA
214,"les",NA
214,"ymmfire",NA
214,"pictwittercomzw6ibFbAqF",NA
215,"Thank",NA
215,"you",NA
215,"so",NA
215,"much",NA
215,"TeamRubiconCan",NA
215,"especially",NA
215,"for",NA
215,"all",NA
215,"of",NA
215,"your",NA
215,"hard","negative"
215,"hard",NA
215,"work","positive"
215,"helping","positive"
215,"helping",NA
215,"the",NA
215,"residents",NA
215,"of",NA
215,"Fort",NA
215,"McMurray",NA
215,"after",NA
215,"the",NA
215,"ymmfire",NA
215,"",NA
215,"pictwittercomIN5q9G8Uav",NA
216,"Merci",NA
216,"beaucoup",NA
216,"TeamRubiconCan",NA
216,"pour",NA
216,"votre",NA
216,"aide",NA
216,"aux",NA
216,"résidents",NA
216,"de",NA
216,"Fort",NA
216,"McMurray",NA
216,"après",NA
216,"les",NA
216,"ymmfire",NA
216,"pictwittercomuyUoBx2lbe",NA
217,"YMMFire",NA
217,"changed",NA
217,"things",NA
217,"6",NA
217,"months",NA
217,"ago",NA
217,"todayNargis",NA
217,"Sameer",NA
217,"lost","negative"
217,"lost","sadness"
217,"lost","negative"
217,"lost",NA
217,"lost","negative"
217,"her",NA
217,"houseshe",NA
217,"rose",NA
217,"from",NA
217,"the",NA
217,"ashes","negative"
217,"ashes","sadness"
217,"to",NA
217,"give",NA
217,"backMy",NA
217,"latest",NA
217,"ConnectWeekly",NA
217,"YMM",NA
217,"pictwittercom1NuXvOWapx",NA
218,"Its",NA
218,"been",NA
218,"6",NA
218,"mths",NA
218,"since",NA
218,"a",NA
218,"wildfire","fear"
218,"wildfire","negative"
218,"wildfire","sadness"
218,"wildfire","surprise"
218,"forced","fear"
218,"forced","negative"
218,"forced",NA
218,"forced","negative"
218,"all",NA
218,"of",NA
218,"ymm",NA
218,"RMWB",NA
218,"out",NA
218,"Whats",NA
218,"happened",NA
218,"since",NA
218,"By",NA
218,"the",NA
218,"numbers","positive"
218,"ymmfire",NA
218,"http",NA
218,"glbncas1Ezjs",NA
219,"Its",NA
219,"been",NA
219,"6",NA
219,"mths",NA
219,"since",NA
219,"a",NA
219,"wildfire","fear"
219,"wildfire","negative"
219,"wildfire","sadness"
219,"wildfire","surprise"
219,"forced","fear"
219,"forced","negative"
219,"forced",NA
219,"forced","negative"
219,"all",NA
219,"of",NA
219,"ymm",NA
219,"RMWB",NA
219,"out",NA
219,"Whats",NA
219,"happened",NA
219,"since",NA
219,"By",NA
219,"the",NA
219,"numbers","positive"
219,"ymmfire",NA
219,"http",NA
219,"glbncaQc6SJA",NA
220,"Its",NA
220,"been",NA
220,"6",NA
220,"mths",NA
220,"since",NA
220,"a",NA
220,"wildfire","fear"
220,"wildfire","negative"
220,"wildfire","sadness"
220,"wildfire","surprise"
220,"forced","fear"
220,"forced","negative"
220,"forced",NA
220,"forced","negative"
220,"all",NA
220,"of",NA
220,"ymm",NA
220,"RMWB",NA
220,"out",NA
220,"Whats",NA
220,"happened",NA
220,"since",NA
220,"By",NA
220,"the",NA
220,"numbers","positive"
220,"ymmfire",NA
220,"http",NA
220,"glbnca9AECpE",NA
221,"I",NA
221,"picked",NA
221,"up",NA
221,"DanCarr9",NA
221,"gloves",NA
221,"and",NA
221,"stick",NA
221,"at",NA
221,"the",NA
221,"equipment",NA
221,"sale",NA
221,"on",NA
221,"Saturday",NA
221,"Rebuilding",NA
221,"my",NA
221,"habs",NA
221,"collection",NA
221,"I",NA
221,"lost","negative"
221,"lost","sadness"
221,"lost","negative"
221,"lost",NA
221,"lost","negative"
221,"to",NA
221,"the",NA
221,"ymmfire",NA
221,"gohabsgo",NA
222,"Infographic",NA
222,"The",NA
222,"U",NA
222,"of",NA
222,"As",NA
222,"response",NA
222,"to",NA
222,"ymmfire",NA
222,"",NA
222,"pictwittercompMeVgn8xwX",NA
223,"Fort",NA
223,"McMurrays",NA
223,"next",NA
223,"6",NA
223,"priorities",NA
223,"in",NA
223,"wildfire","fear"
223,"wildfire","negative"
223,"wildfire","sadness"
223,"wildfire","surprise"
223,"recovery","positive"
223,"recovery","positive"
223,"httpwww",NA
223,"cbcca13834001",NA
223,"ymmfire",NA
223,"ymm",NA
223,"rmwb",NA
224,"Read",NA
224,"about",NA
224,"how",NA
224,"Fort",NA
224,"McMurray",NA
224,"residents",NA
224,"fled","fear"
224,"wildfires",NA
224,"6",NA
224,"mths",NA
224,"ago",NA
224,"",NA
224,"what",NA
224,"weve",NA
224,"learned",NA
224,"for",NA
224,"the",NA
224,"future",NA
224,"http",NA
224,"owlyX0jK305Ouzi",NA
224,"ableg",NA
224,"ymmfire",NA
225,"lots",NA
225,"of",NA
225,"NGOs",NA
225,"have",NA
225,"become",NA
225,"puppets","negative"
225,"of",NA
225,"Corp",NA
225,"Agenda",NA
225,"",NA
225,"sheople",NA
225,"herd",NA
225,"ppl",NA
225,"around",NA
225,"Co2",NA
225,"Alarm",NA
225,"is",NA
225,"bunk","negative"
225,"why",NA
225,"push",NA
225,"it",NA
225,"ymmfire",NA
225,"cdnpoli",NA
225,"pictwittercomWBxJ4P90BA",NA
226,"Grace",NA
226,"under",NA
226,"fire","fear"
226,"fire",NA
226,"The",NA
226,"collective",NA
226,"response",NA
226,"to",NA
226,"ymmfire",NA
226,"marks",NA
226,"one",NA
226,"of",NA
226,"the",NA
226,"proudest",NA
226,"moments",NA
226,"in",NA
226,"UAlberta",NA
226,"s",NA
226,"history",NA
226,"http",NA
226,"owlyKxor305OW0H",NA
226,"pictwittercomZgPSuil4NX",NA
227,"Gostei",NA
227,"de",NA
227,"um",NA
227,"vídeo",NA
227,"YouTube",NA
227,"de",NA
227,"mrnobre",NA
227,"http",NA
227,"youtubexWYQKWfam9Aa",NA
227,"When",NA
227,"tragedies","negative"
227,"hit","anger"
227,"hit","negative"
227,"DONT",NA
227,"BE",NA
227,"A",NA
227,"DICK",NA
227,"ymmfire",NA
228,"Six",NA
228,"months",NA
228,"ago",NA
228,"Fort",NA
228,"McMurray",NA
228,"was",NA
228,"on",NA
228,"fire","fear"
228,"fire",NA
228,"I",NA
228,"wrote",NA
228,"about",NA
228,"watching",NA
228,"my",NA
228,"onetime",NA
228,"hometown",NA
228,"burn","negative"
228,"https",NA
228,"canewsyahoocomnothingabout",NA
228,"fortmcmurrayiseasylookingback181233788html",NA
228,"…",NA
228,"YMM",NA
228,"ymmfire",NA
229,"Please",NA
229,"see",NA
229,"our",NA
229,"latest",NA
229,"message",NA
229,"to",NA
229,"the",NA
229,"FMCSD",NA
229,"staff",NA
229,"family",NA
229,"for",NA
229,"November",NA
229,"3rd",NA
229,"http",NA
229,"fmcschoolscanewsnovember",NA
229,"3rdmessagetostaff",NA
229,"…",NA
229,"ymm",NA
229,"ymmfire",NA
229,"pictwittercomEXTi9fuwx9",NA
230,"Do",NA
230,"you",NA
230,"think",NA
230,"the",NA
230,"Fort",NA
230,"McMurray",NA
230,"rebuild",NA
230,"is",NA
230,"going",NA
230,"well","positive"
230,"so",NA
230,"far",NA
230,"ymm",NA
230,"ymmfire",NA
231,"From",NA
231,"briarstewart",NA
231,"",NA
231,"In",NA
231,"Fort",NA
231,"McMurray",NA
231,"rebuilding",NA
231,"has",NA
231,"begun","anticipation"
231,"but",NA
231,"the",NA
231,"recovery","positive"
231,"recovery","positive"
231,"continues",NA
231,"httpwww",NA
231,"cbcca13834125",NA
231,"ymmfire",NA
231,"pictwittercomWHVX0VCIE0",NA
232,"Six",NA
232,"months",NA
232,"ago",NA
232,"today",NA
232,"ymmfire",NA
232,"evacuation","negative"
232,"CBC",NA
232,"story",NA
232,"In",NA
232,"Fort",NA
232,"McMurray",NA
232,"rebuilding",NA
232,"recovery","positive"
232,"recovery","positive"
232,"continues",NA
232,"httpwww",NA
232,"cbcca13834125",NA
233,"Spike",NA
233,"in",NA
233,"mental",NA
233,"health",NA
233,"challenges","negative"
233,"marks",NA
233,"sixmonth",NA
233,"anniversary",NA
233,"for",NA
233,"McMurray",NA
233,"wildfire","fear"
233,"wildfire","negative"
233,"wildfire","sadness"
233,"wildfire","surprise"
233,"http",NA
233,"owly7fw0305NNmJ",NA
233,"ymm",NA
233,"ymmfire",NA
234,"See",NA
234,"how",NA
234,"Fort",NA
234,"McMurray",NA
234,"residents",NA
234,"fled","fear"
234,"wildfires",NA
234,"6",NA
234,"months",NA
234,"ago",NA
234,"",NA
234,"what",NA
234,"weve",NA
234,"learned",NA
234,"for",NA
234,"the",NA
234,"future",NA
234,"http",NA
234,"owlyX0jK305Ouzi",NA
234,"ableg",NA
234,"ymmfire",NA
235,"“I",NA
235,"was",NA
235,"absolutely",NA
235,"convinced","trust"
235,"convinced",NA
235,"we",NA
235,"were",NA
235,"losing","anger"
235,"losing","negative"
235,"losing","sadness"
235,"losing","negative"
235,"losing",NA
235,"losing","negative"
235,"lives”",NA
235,"Mayor",NA
235,"Blake",NA
235,"reflects",NA
235,"on",NA
235,"6",NA
235,"months",NA
235,"post",NA
235,"evacuation","negative"
235,"ymm",NA
235,"ymmfire",NA
235,"httpwww",NA
235,"mix1037fmcom20161103iw",NA
235,"asabsolutelyconvincedwewerelosinglivesmayorblakereflectson",NA
235,"…",NA
236,"La",NA
236,"",NA
236,"bête",NA
236,"",NA
236,"de",NA
236,"FortMcMurray",NA
236,"pourrait",NA
236,"dormir",NA
236,"sous",NA
236,"la",NA
236,"neige",NA
236,"cet",NA
236,"hiver",NA
236,"ymmfire",NA
236,"http",NA
236,"iciradiocanadacaregionsalbert",NA
236,"a20161102003feuincendieforetfortmcmurrayshtml",NA
236,"…",NA
237,"kenthehr",NA
237,"Quel",NA
237,"honneur",NA
237,"daccueillir",NA
237,"TeamRubiconCan",NA
237,"ce",NA
237,"soir",NA
237,"Leur",NA
237,"aide",NA
237,"lors",NA
237,"des",NA
237,"feux",NA
237,"ymmfire",NA
237,"était",NA
237,"inestimable","positive"
237,"po",NA
237,"…",NA
237,"pictwittercomnOwQc6QXs4",NA
238,"Quel",NA
238,"honneur",NA
238,"daccueillir",NA
238,"TeamRubiconCan",NA
238,"ce",NA
238,"soir",NA
238,"Leur",NA
238,"aide",NA
238,"lors",NA
238,"des",NA
238,"feux",NA
238,"ymmfire",NA
238,"était",NA
238,"inestimable","positive"
238,"polcan",NA
238,"pictwittercom9mXnIIHoqj",NA
239,"kenthehr",NA
239,"It",NA
239,"was",NA
239,"an",NA
239,"honour",NA
239,"to",NA
239,"host",NA
239,"TeamRubiconCan",NA
239,"tonight",NA
239,"Their",NA
239,"hard","negative"
239,"hard",NA
239,"work","positive"
239,"during",NA
239,"the",NA
239,"ymmfire",NA
239,"was",NA
239,"invaluable","positive"
239,"cd",NA
239,"…",NA
239,"pictwittercomroFMyFBvkF",NA
240,"It",NA
240,"was",NA
240,"an",NA
240,"honour",NA
240,"to",NA
240,"host",NA
240,"TeamRubiconCan",NA
240,"tonight",NA
240,"Their",NA
240,"hard","negative"
240,"hard",NA
240,"work","positive"
240,"during",NA
240,"the",NA
240,"ymmfire",NA
240,"was",NA
240,"invaluable","positive"
240,"cdnpoli",NA
240,"pictwittercomuxUZJRQezk",NA
241,"It’s",NA
241,"been",NA
241,"six",NA
241,"months",NA
241,"since",NA
241,"the",NA
241,"Fort",NA
241,"McMurray",NA
241,"wildfires",NA
241,"Do",NA
241,"you",NA
241,"think",NA
241,"the",NA
241,"rebuild",NA
241,"is",NA
241,"going",NA
241,"well","positive"
241,"so",NA
241,"far",NA
241,"ymm",NA
241,"ymmfire",NA
241,"pictwittercomuq3d2pfvpO",NA
242,"animals",NA
242,"",NA
242,"children",NA
242,"booklovers",NA
242,"reading","positive"
242,"5th",NA
242,"Nov",NA
242,"book",NA
242,"sales",NA
242,"benefit","positive"
242,"benefit","positive"
242,"benefit",NA
242,"benefit","positive"
242,"Fort",NA
242,"McMurray",NA
242,"Canada",NA
242,"SPCA",NA
242,"FMSPCA",NA
242,"ymm",NA
242,"ymmfire",NA
242,"https",NA
242,"twittercomFMSPCAstatus",NA
242,"793884221018402816",NA
242,"…",NA
243,"Not",NA
243,"enough","positive"
243,"water",NA
243,"bombers",NA
243,"May",NA
243,"2",NA
243,"cancel","negative"
243,"cancel","sadness"
243,"cancel",NA
243,"cancel","negative"
243,"and",NA
243,"retender",NA
243,"RFP",NA
243,"Very",NA
243,"sad","negative"
243,"sad",NA
243,"abndp",NA
243,"ableg",NA
243,"ymmfire",NA
243,"ymm",NA
243,"oilsands",NA
243,"TheRebelTV",NA
243,"httpwww",NA
243,"therebelmediashockingfoid",NA
243,"ocsrevealndpintotaldisarrayoverwaterbombercontractspriortofortmacwildfire",NA
243,"…",NA
244,"Tonight",NA
244,"on",NA
244,"AirportBelowZero",NA
244,"historyTVCanada",NA
244,"",NA
244,"courageous","fear"
244,"courageous","positive"
244,"courageous","positive"
244,"courageous",NA
244,"ymmfire",NA
244,"evacuees",NA
244,"",NA
244,"emergency","fear"
244,"emergency","negative"
244,"emergency","sadness"
244,"emergency","surprise"
244,"emergency","negative"
244,"emergency",NA
244,"responders",NA
244,"RMWB",NA
244,"GlobalEdmonton",NA
244,"flyymm",NA
244,"ymm",NA
244,"Yeg",NA
244,"pictwittercomUiwkMB6SGx",NA
245,"Heading",NA
245,"to",NA
245,"Listowel",NA
245,"today",NA
245,"to",NA
245,"present","anticipation"
245,"present","joy"
245,"present","positive"
245,"present","surprise"
245,"present","trust"
245,"on",NA
245,"SalArmyEDSCan",NA
245,"",NA
245,"ymmfire",NA
245,"and",NA
245,"other",NA
245,"recent",NA
245,"EmergencyDisasterServices",NA
245,"responses",NA
246,"ymmfire",NA
247,"Fire",NA
247,"and",NA
247,"Sky",NA
247,"captures",NA
247,"ymmfire",NA
247,"in",NA
247,"verse",NA
247,"Join",NA
247,"KiranMK0822",NA
247,"our",NA
247,"CofounderPR",NA
247,"Director",NA
247,"at",NA
247,"7pm",NA
247,"as",NA
247,"she",NA
247,"shares",NA
247,"her",NA
247,"take",NA
247,"through",NA
247,"her",NA
247,"poem",NA
247,"ymm",NA
247,"pictwittercomsTd9BHPgEp",NA
248,"Welp",NA
248,"there",NA
248,"goes",NA
248,"the",NA
248,"mascara",NA
248,"for",NA
248,"today",NA
248,"The",NA
248,"kindness","positive"
248,"kindness","positive"
248,"and",NA
248,"generosity","anticipation"
248,"generosity","joy"
248,"generosity","positive"
248,"generosity","surprise"
248,"generosity","trust"
248,"generosity","positive"
248,"is",NA
248,"overwhelming","positive"
248,"overwhelming","negative"
248,"ymm",NA
248,"rmwb",NA
248,"ymmfire",NA
248,"ymmchristmas2016",NA
248,"https",NA
248,"twittercomShawTVFortMcs",NA
248,"tatus793565935801995264",NA
248,"…",NA
249,"Immensely",NA
249,"proud","anticipation"
249,"proud","joy"
249,"proud","positive"
249,"proud","trust"
249,"proud","positive"
249,"proud",NA
249,"of",NA
249,"the",NA
249,"thousands",NA
249,"of",NA
249,"volunteers","trust"
249,"and",NA
249,"emergency","fear"
249,"emergency","negative"
249,"emergency","sadness"
249,"emergency","surprise"
249,"emergency","negative"
249,"emergency",NA
249,"response",NA
249,"folks",NA
249,"across",NA
249,"Alberta",NA
249,"Still",NA
249,"lots",NA
249,"of",NA
249,"support","positive"
249,"support",NA
249,"needed",NA
249,"for",NA
249,"YMMfire",NA
249,"folks",NA
249,"https",NA
249,"twittercomRachelNotleys",NA
249,"tatus793527863630712832",NA
249,"…",NA
250,"RachelNotley",NA
250,"During",NA
250,"ymmfire",NA
250,"",NA
250,"we",NA
250,"saw",NA
250,"firsthand",NA
250,"that",NA
250,"Albertans’",NA
250,"selflessness",NA
250,"knows",NA
250,"no",NA
250,"bounds",NA
250,"Thank",NA
250,"you",NA
250,"to",NA
250,"all",NA
250,"Her…",NA
250,"https",NA
250,"twittercomiwebstatus7",NA
250,"93527863630712832",NA
250,"…",NA
251,"During",NA
251,"ymmfire",NA
251,"",NA
251,"we",NA
251,"saw",NA
251,"firsthand",NA
251,"that",NA
251,"Albertans’",NA
251,"selflessness",NA
251,"knows",NA
251,"no",NA
251,"bounds",NA
251,"Thank",NA
251,"you",NA
251,"to",NA
251,"all",NA
251,"Heroes",NA
251,"of",NA
251,"the",NA
251,"Wildfire",NA
251,"for",NA
251,"your",NA
251,"help",NA
251,"pictwittercomx9Ht51XuUN",NA
252,"Canada",NA
252,"is",NA
252,"illprepared",NA
252,"for",NA
252,"the",NA
252,"increased",NA
252,"flooding",NA
252,"and",NA
252,"extreme",NA
252,"weather",NA
252,"like","positive"
252,"like",NA
252,"ymmfire",NA
252,"occurring",NA
252,"under",NA
252,"climate",NA
252,"change","fear"
252,"and",NA
252,"needs",NA
252,"to",NA
252,"act",NA
252,"now",NA
253,"Look",NA
253,"forward","positive"
253,"to",NA
253,"stopping",NA
253,"stopping","negative"
253,"by",NA
253,"to",NA
253,"see",NA
253,"how",NA
253,"WBHousing",NA
253,"can",NA
253,"potentially",NA
253,"help",NA
253,"out",NA
253,"ymm",NA
253,"ymmfire",NA
253,"ymmrebuild",NA
253,"https",NA
253,"twittercomHabitatFHWBst",NA
253,"atus793152115493384192",NA
253,"…",NA
254,"An",NA
254,"example",NA
254,"of",NA
254,"poor","negative"
254,"poor",NA
254,"poor","negative"
254,"headline",NA
254,"writing",NA
254,"kindagivesthewrongimpressiom",NA
254,"clickbait",NA
254,"ymmfire",NA
254,"https",NA
254,"twittercomsaskatoonbuzz",NA
254,"status793274897250197504",NA
254,"…",NA
255,"ICYMI",NA
255,"ymmfire",NA
255,"first",NA
255,"responders",NA
255,"were",NA
255,"honoured",NA
255,"in",NA
255,"the",NA
255,"Alberta",NA
255,"legislature","trust"
255,"legislature","litigious"
255,"today",NA
255,"",NA
255,"http",NA
255,"rdnewsnowcomarticle515167",NA
255,"fortmcmurrayfirefirstrespondershonouredalbertalegislatureceremony",NA
255,"…",NA
255,"ableg",NA
256,"ICYMI",NA
256,"",NA
256,"Fort",NA
256,"McMurray",NA
256,"wildfire","fear"
256,"wildfire","negative"
256,"wildfire","sadness"
256,"wildfire","surprise"
256,"heroes",NA
256,"recognized",NA
256,"at",NA
256,"Alta",NA
256,"Legislature",NA
256,"ymm",NA
256,"ymmfire",NA
256,"ableg",NA
256,"http",NA
256,"bitly2fxD6jN",NA
256,"pictwittercomNnXPGbOIQ8",NA
257,"WATCH",NA
257,"First",NA
257,"responders",NA
257,"who",NA
257,"worked","positive"
257,"during",NA
257,"ymmfire",NA
257,"were",NA
257,"recognized",NA
257,"at",NA
257,"ableg",NA
257,"Monday",NA
257,"BillFortierCTV",NA
257,"reports",NA
257,"http",NA
257,"edmontonctvnewscavideoclipId9",NA
257,"84461binId11203428playlistPageNum1",NA
257,"…",NA
258,"ymm",NA
258,"first",NA
258,"responders",NA
258,"",NA
258,"heros","positive"
258,"this",NA
258,"is",NA
258,"one",NA
258,"of",NA
258,"the",NA
258,"MANY",NA
258,"great","positive"
258,"great",NA
258,"great","positive"
258,"moments",NA
258,"you",NA
258,"saved",NA
258,"for",NA
258,"us",NA
258,"forever",NA
258,"thankful","joy"
258,"thankful","positive"
258,"thankful","positive"
258,"thankful",NA
258,"ymmfire",NA
258,"bentbutnotbroken",NA
258,"pictwittercomdi1qkEj3mi",NA
